obstacle_density,radius_setting,test_case_num,source,destination,path_found_yours,path_length_yours,time_yours,nodes_yours,path_found_baseline,path_length_baseline,time_baseline,nodes_baseline,pvi,path_inflation_ratio,ssr
50,tight,1,3479168346,1273357595,False,0,29.611445665359497,28957,True,43152.91766419638,0.12800002098083496,71961,-1,-1,59.76014785786745
50,tight,2,2167631058,3481893581,True,22472.053753363212,25.167802095413208,23886,True,22472.053753363212,0.11502909660339355,61773,0.85804841530431,1.0,61.3326210480307
50,tight,3,1832593795,8514323209,True,3535.912141682475,1.9097671508789062,1968,True,3535.912141682475,0.00851893424987793,4642,0.0,1.0,57.604480827229644
50,tight,4,3491107647,2236941346,True,20391.001670862293,27.22782301902771,26353,True,20391.001670862293,0.12094306945800781,67562,1.2170103641058174,1.0,60.99434593410498
50,tight,5,913498558,1835407716,True,11543.425949062115,15.342055320739746,15367,True,11543.425949062115,0.06979680061340332,38864,0.0,1.0,60.459551255660756
50,tight,6,2168022200,1835496063,True,6385.529247118542,9.614780187606812,9696,True,6385.529247118542,0.04369187355041504,24182,0.0,1.0,59.90406087172278
50,tight,7,8514323209,6094752669,True,3123.445754203857,2.462332010269165,2672,True,3123.445754203857,0.011259078979492188,6169,0.0,1.0,56.686659101961425
50,tight,8,1274031326,3479110325,True,38141.90871180438,28.12703800201416,27678,True,38141.90871180438,0.12547612190246582,70954,0.0,1.0,60.991628378949734
50,tight,9,3517744265,3487889166,True,24186.985780096667,24.862215995788574,24487,True,23559.36594958346,0.10921978950500488,62178,0.7972101313911432,1.026639928759386,60.61790343851523
50,tight,10,2185027111,268301695,True,5282.245978405983,8.037104845046997,7987,True,4619.871596220789,0.03505587577819824,19716,1.8851844180605104,1.1433750632218953,59.48975451410023
50,tight,11,10013324803,2169351529,True,10152.10934614784,16.136898040771484,16037,True,10152.10934614784,0.07305765151977539,40850,0.3988455332123524,1.0,60.741738066095465
50,tight,12,8794963017,10901289719,True,9094.873383307975,17.371570825576782,17273,True,9094.873383307975,0.07888197898864746,43784,0.0,1.0,60.54951580486022
50,tight,13,3501694602,2342125810,True,8088.688529879883,3.499323844909668,3640,True,7901.157960904627,0.015075922012329102,8336,0.0,1.0237345677561653,56.33397312859885
50,tight,14,1278041265,3491353855,True,10574.38173731274,18.07205605506897,17726,True,10574.38173731274,0.09882187843322754,45394,0.0,1.0,60.95078644754813
50,tight,15,3488053123,5524355240,True,3958.7438158839614,0.22586607933044434,252,True,3340.584919288161,0.0009071826934814453,441,4.870764820481572,1.1850451078272612,42.85714285714286
50,tight,16,2599227046,2516912122,True,6037.232259257358,8.522324323654175,7558,True,6037.232259257358,0.03633403778076172,19095,0.0,1.0,60.41895784236711
50,tight,17,10944006998,3074602034,True,7159.954913822352,12.762897968292236,12517,True,7159.954913822352,0.05657219886779785,31359,0.0,1.0,60.08482413342262
50,tight,18,3535737813,1835407915,True,8610.633964817269,13.294438123703003,13085,True,8785.517344479193,0.05964183807373047,33219,0.9470492205902382,0.9800941284611064,60.60989192931756
50,tight,19,1832500331,10113638861,True,6368.89971489041,8.27029299736023,7767,True,6368.89971489041,0.035917043685913086,20265,0.0,1.0,61.67283493708364
50,tight,20,10006667081,3925033990,True,3531.233524084723,3.754251718521118,3675,True,3531.233524084723,0.016319990158081055,9271,0.0,1.0,60.360263186279795
50,tight,21,4515109737,11064139368,True,6684.191970367991,12.271392107009888,12206,True,6662.158053345915,0.055139780044555664,30309,0.0,1.0033073242702506,59.728133557689134
50,tight,22,3479147682,7070924830,True,64457.42216081263,29.522802114486694,28288,True,63802.935593736765,0.13182902336120605,72322,0.2991449155940536,1.010257938149481,60.88603744365477
50,tight,23,2519156446,977632822,True,2898.8331310202348,0.9368219375610352,980,True,2898.8331310202348,0.004133939743041992,2329,0.0,1.0,57.9218548733362
50,tight,24,2857860458,11056068705,True,4577.784409459445,5.37566065788269,5506,True,4577.784409459445,0.024567127227783203,13538,0.0,1.0,59.3292953168858
50,tight,25,5068744258,11189424498,True,2499.7792933633473,2.0001509189605713,2063,True,2499.7792933633473,0.009083032608032227,5101,0.0,1.0,59.55694961772202
50,tight,26,3498359660,9999912987,True,9348.442354768467,19.299592971801758,18658,True,9348.442354768467,0.08620691299438477,47973,1.5609506884862148,1.0,61.10728951701999
50,tight,27,11977562724,3498398454,True,1612.6343155927375,0.33709001541137695,370,True,1612.6343155927375,0.0014109611511230469,829,0.0,1.0,55.36791314837153
50,tight,28,3497331305,11782247430,True,8482.52259862475,14.088720321655273,13433,True,8482.52259862475,0.06870508193969727,34823,0.0,1.0,61.424920311288524
50,tight,29,3487075884,3495377502,True,17849.46666495783,21.863535165786743,20813,True,17719.650811959036,0.09285569190979004,52244,1.0802625352140813,1.007326095439261,60.16193247071434
50,tight,30,12772267800,5075056399,True,8671.480125660777,14.295653104782104,14110,True,8671.480125660777,0.06672477722167969,36329,0.0,1.0,61.16050538137576
50,tight,31,268310357,3484264519,True,12181.792292378419,20.168583154678345,20023,True,12181.792292378419,0.09169888496398926,50493,0.0,1.0,60.34499831659834
50,tight,32,2097604343,9874143977,True,4463.9958043563,1.7066020965576172,1792,True,4463.9958043563,0.0074079036712646484,4266,0.0,1.0,57.99343647444913
50,tight,33,3079800856,10945732686,True,2850.276343831078,1.5393970012664795,1672,True,2850.276343831078,0.006834983825683594,3835,0.0,1.0,56.40156453715775
50,tight,34,3500178997,2521404887,True,34606.50144957801,29.23236608505249,27823,True,34231.921061192275,0.13555407524108887,71456,0.0,1.010942429661372,61.06275190326915
50,tight,35,1931989766,3487796010,True,23922.635987557886,27.660205125808716,26497,True,23702.41753786974,0.12240791320800781,67925,0.806019458797733,1.009290969975375,60.9907986750092
50,tight,36,1278980981,2516860150,True,3265.930931552578,1.802412986755371,1839,True,3265.930931552578,0.012129068374633789,4242,0.0,1.0,56.647807637906645
50,tight,37,2516880342,3512815583,True,13123.171063259244,11.939333200454712,11402,True,13123.171063259244,0.0554959774017334,28861,0.0,1.0,60.493399397110295
50,tight,38,6354396888,3487058837,True,12334.906235759785,19.835164785385132,19004,True,12334.906235759785,0.08723092079162598,48294,0.3282654434498853,1.0,60.64935602766389
50,tight,39,12615277928,12311365439,True,4237.3214108094235,5.071317911148071,5191,True,4237.3214108094235,0.023064136505126953,12751,0.0,1.0,59.289467492745665
50,tight,40,11052131889,3487119302,True,11678.174177617175,21.580030918121338,21097,True,11678.174177617175,0.1041102409362793,54592,0.0,1.0,61.35514361078547
50,tight,41,10779882929,3489575020,True,19938.020517801273,26.252099990844727,25451,True,20248.02707110546,0.11466598510742188,64510,0.0,0.9846895427285073,60.547201984188504
50,tight,42,1317084931,5053149016,True,8002.133175212717,11.374703168869019,10830,True,8002.133175212717,0.04879879951477051,27748,0.0,1.0,60.97016001153237
50,tight,43,3482124174,10956817020,False,0,0.0003151893615722656,0,True,15278.397271634209,0.0970618724822998,53339,-1,-1,100.0
50,tight,44,2302338802,10926041122,True,6520.938491139169,6.185294151306152,5981,True,6520.938491139169,0.027048826217651367,14928,0.0,1.0,59.93435155412647
50,tight,45,4366629260,1278029480,True,1985.3397532844008,0.9752058982849121,963,True,1985.3397532844008,0.003972053527832031,2310,0.0,1.0,58.311688311688314
50,tight,46,1832500249,3488934335,True,3048.9446121560472,1.3127398490905762,1374,True,3048.9446121560472,0.006206989288330078,3424,0.0,1.0,59.87149532710281
50,tight,47,2515049090,1882601483,True,4479.489183448038,6.348757028579712,6283,True,4479.489183448038,0.028059959411621094,15676,0.0,1.0,59.91962235264098
50,tight,48,5364240728,8626730293,True,2976.7520317524063,0.7998437881469727,887,True,2846.936178753612,0.003480195999145508,2039,0.0,1.0455984415694306,56.49828347229033
50,tight,49,10302113554,3166114448,True,1769.1215378799773,1.0869760513305664,1157,True,1769.1215378799773,0.00462794303894043,2799,0.0,1.0,58.6638085030368
50,tight,50,9913833760,6084075960,True,4396.70749456132,3.9040071964263916,3880,True,4407.24674216798,0.01853799819946289,9666,0.0,0.9976086549668705,59.85930064142355
50,tight,51,1124354005,1954497029,True,5070.12981589228,5.847352027893066,5810,True,5070.12981589228,0.025658845901489258,14403,0.0,1.0,59.661181698257316
50,tight,52,3484823241,2194418722,False,0,0.00019598007202148438,0,True,16062.399723279214,0.08537912368774414,46751,-1,-1,100.0
50,tight,53,2331016912,1954532218,True,3925.94031987883,2.292259931564331,2340,True,3925.94031987883,0.00978994369506836,5650,0.0,1.0,58.584070796460175
50,tight,54,5100066222,11529704183,True,15048.441553964956,23.183051109313965,22155,True,15048.441553964956,0.10908985137939453,56985,0.9696989204908542,1.0,61.121347723085016
50,tight,55,12597531704,3504112995,True,30475.11362670239,28.68714189529419,27164,True,30143.4761474437,0.1236727237701416,69434,0.6327165945268709,1.0110019653219993,60.8779560445891
50,tight,56,3484443455,6089506432,True,11138.192755323578,23.096090078353882,22308,True,11138.192755323578,0.10230803489685059,56770,0.0,1.0,60.70459749867888
50,tight,57,11007221469,728152153,True,6158.924721310814,8.41313910484314,8471,True,6158.924721310814,0.037782907485961914,21140,0.0,1.0,59.92904446546831
50,tight,58,977632825,1950365695,True,7826.883029592604,9.848564863204956,10010,True,7787.789844565952,0.043686866760253906,24332,0.0,1.0050198048235637,58.86075949367089
50,tight,59,1887596102,11027577102,True,6930.624139848743,9.353336095809937,9136,True,6908.781869055859,0.041893959045410156,23125,1.4368125597229517,1.003161522712233,60.49297297297298
50,tight,60,1835462250,10962868704,True,7266.496643360606,13.270973920822144,13069,True,7266.496643360606,0.06190776824951172,33051,0.0,1.0,60.458079937066955
50,tight,61,1489359102,9999077133,True,2690.4380285619272,1.5823709964752197,1455,True,2690.4380285619272,0.006328105926513672,3578,0.0,1.0,59.33482392397988
50,tight,62,2516767938,3487964537,True,1759.9550648068823,0.3401360511779785,384,True,1759.9550648068823,0.0016379356384277344,849,0.0,1.0,54.77031802120141
50,tight,63,3495873461,2169181533,True,9591.714548408707,21.64118194580078,20846,True,9591.714548408707,0.09637093544006348,53091,0.0,1.0,60.73534120660753
50,tight,64,2521929457,7940914786,True,4504.1379791057025,4.855544090270996,4840,True,4504.1379791057025,0.021503925323486328,12111,0.0,1.0,60.03633060853769
50,tight,65,1835407695,3487210686,True,8889.131291455644,13.690980911254883,13347,True,8121.952377266135,0.06509995460510254,32385,1.1975609743567115,1.0944574504446605,58.78647522000926
50,tight,66,3092593576,2039616841,True,3367.430281246503,2.9958181381225586,3121,True,3367.430281246503,0.013966083526611328,7487,0.0,1.0,58.314411646854545
50,tight,67,3544247345,3512649781,True,29210.483487971123,18.867560863494873,18383,True,29210.483487971123,0.08413481712341309,47375,0.0,1.0,61.196833773087064
50,tight,68,11107126643,2093231601,True,5694.584439160986,9.09583592414856,9143,True,5694.584439160986,0.040780067443847656,22647,0.0,1.0,59.628206826511246
50,tight,69,2085592141,2172903345,True,4695.6842103856825,9.091103076934814,9167,True,4695.6842103856825,0.04199719429016113,22675,0.0,1.0,59.572216097023144
50,tight,70,3567339063,6091848381,True,2789.331875342636,1.6268408298492432,1734,True,2789.331875342636,0.007809162139892578,3944,0.0,1.0,56.03448275862068
50,tight,71,3491211765,11939650698,True,25860.85071583444,27.550936937332153,25975,True,25860.85071583444,0.12613511085510254,66608,0.15657348282495548,1.0,61.003182800864764
50,tight,72,1124430100,2516891951,True,5594.927288753792,4.338375806808472,4346,True,5544.630596600247,0.01948094367980957,10432,0.0,1.0090712431202151,58.33972392638036
50,tight,73,2552348289,3504190682,True,10178.563503392525,16.676550149917603,16098,True,10178.563503392525,0.08416223526000977,40632,0.0,1.0,60.380980507974
50,tight,74,3491211767,10749874175,True,21613.690385195045,26.47960090637207,25588,True,21613.690385195045,0.11591720581054688,65787,0.0,1.0,61.10477753963549
50,tight,75,1880051628,2523861482,True,6714.570804972048,7.054228067398071,7092,True,6714.570804972048,0.03236579895019531,17904,2.7393656779137308,1.0,60.388739946380696
50,tight,76,4631691578,3500528663,True,4709.15884122297,1.7791197299957275,1847,True,4260.5725110028125,0.007850885391235352,4164,0.0,1.105287805585211,55.64361191162344
50,tight,77,1832593971,1400078353,True,5848.563285898472,7.440390348434448,7422,True,5848.563285898472,0.03331398963928223,18297,0.0,1.0,59.43597311034596
50,tight,78,2516924629,1883487759,True,8487.288572024301,11.602743148803711,11470,True,8487.288572024301,0.051325082778930664,28696,0.0,1.0,60.0292723724561
50,tight,79,3489882356,3491013122,True,14484.726452842182,7.576020002365112,7547,True,14264.508003154036,0.03172898292541504,17999,1.3312029173960034,1.01543820856909,58.06989277182066
50,tight,80,3505689863,2105153066,True,18146.519985960334,26.349350214004517,25229,True,18146.519985960334,0.11566901206970215,64662,0.0,1.0,60.98326683368903
50,tight,81,3490991238,10115884297,True,8058.700280693966,3.3123841285705566,3357,True,8058.700280693966,0.0146331787109375,8191,0.0,1.0,59.01599316322793
50,tight,82,1832594075,3489257082,True,8776.587617349729,14.206302881240845,14027,True,8776.587617349729,0.06557011604309082,35451,0.0,1.0,60.432709937660434
50,tight,83,1480927624,2191994431,True,7288.444750610051,10.90246295928955,10815,True,6775.2128029039795,0.04163694381713867,22801,0.0,1.0757514136657216,52.567869830270595
50,tight,84,2355854521,1957364523,True,17858.893436884995,25.3564670085907,23884,True,17343.716006890703,0.11233210563659668,61322,1.6399032688910333,1.0297039821102705,61.05149864648902
50,tight,85,1280126363,12065060516,True,6063.196160621049,9.355170249938965,8907,True,5032.852216051462,0.03689980506896973,20996,3.260753133620108,1.2047236637077228,57.577633835016194
50,tight,86,1275274775,2169447682,False,0,30.642211198806763,28926,True,5160.743235545743,0.03633928298950195,14725,-1,-1,-96.44142614601019
50,tight,87,1835495789,5450241679,True,6589.661233572702,13.003353118896484,12706,True,6589.661233572702,0.05775284767150879,32150,0.0,1.0,60.47900466562985
50,tight,88,5042508097,3488665239,True,2350.477053614569,0.9289910793304443,985,True,2350.477053614569,0.003834962844848633,2292,0.0,1.0,57.02443280977312
50,tight,89,3498388295,1124354329,True,5962.692084227136,7.060282945632935,7019,True,5764.636858519826,0.02990412712097168,16791,0.0,1.0343569301186066,58.19784408313977
50,tight,90,1979266939,11347926989,True,3986.371998713856,4.041879892349243,4077,True,3986.371998713856,0.01800227165222168,10156,0.0,1.0,59.85624261520284
50,tight,91,1273478057,11052131865,True,5521.517183224158,11.299866199493408,11147,True,5521.517183224158,0.05236101150512695,28855,0.0,1.0,61.368913533183154
50,tight,92,6098737553,3824958181,True,7842.25792345377,15.406883001327515,15430,True,7842.25792345377,0.07011795043945312,38775,0.0,1.0,60.20631850419085
50,tight,93,12323021593,12854763032,True,9099.711875562929,17.2261061668396,16691,True,9099.711875562929,0.07818198204040527,42088,0.0,1.0,60.34261547234367
50,tight,94,2115566297,1950493587,True,3939.679454469247,3.4762561321258545,3467,True,3939.679454469247,0.015249967575073242,8705,3.0976676634740494,1.0,60.17231476163125
50,tight,95,3490877304,11850627647,True,7752.258075303861,5.534924030303955,5641,True,7752.258075303861,0.025636911392211914,14261,1.8823492959343406,1.0,60.44456910455087
50,tight,96,3318269307,3144158732,True,4104.534268239499,0.9067678451538086,941,True,4104.534268239499,0.003874063491821289,2219,0.0,1.0,57.593510590356026
50,tight,97,1931372210,1832349710,True,6917.771336875828,10.30474305152893,9784,True,6917.771336875828,0.046504974365234375,25413,0.0,1.0,61.500019674969494
50,tight,98,6290088001,6072430239,True,11162.64894542082,18.117835998535156,17825,True,11162.64894542082,0.08579182624816895,45631,0.0,1.0,60.936643948193115
50,tight,99,2516868263,10636203372,True,3768.2669295074934,1.8556857109069824,1927,True,3768.2669295074934,0.00848698616027832,4720,0.0,1.0,59.17372881355932
50,tight,100,2303826373,9469153932,True,4249.140824382803,6.106961250305176,6036,True,4249.140824382803,0.027158021926879883,15193,0.0,1.0,60.27117751596129
50,standard,1,3479168346,1273357595,False,0,29.36229705810547,28540,True,43152.91766419638,0.12800002098083496,71961,-1,-1,60.339628409833104
50,standard,2,2167631058,3481893581,True,23505.16123217569,24.976661920547485,24308,True,22472.053753363212,0.11502909660339355,61773,0.0,1.0459729889466762,60.6494746895893
50,standard,3,1832593795,8514323209,True,3535.912141682475,1.8826909065246582,1958,True,3535.912141682475,0.00851893424987793,4642,0.0,1.0,57.81990521327014
50,standard,4,3491107647,2236941346,True,20508.544868975237,27.00554084777832,25827,True,20391.001670862293,0.12094306945800781,67562,0.0,1.0057644641499346,61.77289008614311
50,standard,5,913498558,1835407716,True,11543.425949062115,15.021375179290771,14956,True,11543.425949062115,0.06979680061340332,38864,2.083270131598109,1.0,61.517085220255254
50,standard,6,2168022200,1835496063,True,6385.529247118542,9.608550071716309,9450,True,6385.529247118542,0.04369187355041504,24182,0.0,1.0,60.92134645604168
50,standard,7,8514323209,6094752669,True,3123.445754203857,2.535778045654297,2653,True,3123.445754203857,0.011259078979492188,6169,0.0,1.0,56.99465067271843
50,standard,8,1274031326,3479110325,True,38141.90871180438,28.62967014312744,27281,True,38141.90871180438,0.12547612190246582,70954,5.096485909401389,1.0,61.55114581278012
50,standard,9,3517744265,3487889166,True,25435.880851740367,25.446008920669556,24800,True,23559.36594958346,0.10921978950500488,62178,0.0,1.079650484065344,60.114509955289655
50,standard,10,2185027111,268301695,True,5297.457681421341,7.815755128860474,7700,True,4619.871596220789,0.03505587577819824,19716,0.0,1.1466677311453504,60.94542503550415
50,standard,11,10013324803,2169351529,True,10554.482919371245,16.57694697380066,16188,True,10152.10934614784,0.07305765151977539,40850,0.0,1.0396344798409882,60.372093023255815
50,standard,12,8794963017,10901289719,True,9094.873383307975,17.182370901107788,16986,True,9094.873383307975,0.07888197898864746,43784,0.0,1.0,61.205006395030146
50,standard,13,3501694602,2342125810,True,8088.688529879883,3.4136080741882324,3521,True,7901.157960904627,0.015075922012329102,8336,0.0,1.0237345677561653,57.76151631477927
50,standard,14,1278041265,3491353855,True,10580.67670183076,18.054954051971436,17324,True,10574.38173731274,0.09882187843322754,45394,0.0,1.0005953033164867,61.83636603956471
50,standard,15,3488053123,5524355240,True,4697.6464335121345,0.2181377410888672,247,True,3340.584919288161,0.0009071826934814453,441,0.0,1.4062347005126117,43.99092970521542
50,standard,16,2599227046,2516912122,True,6037.232259257358,7.277009725570679,7252,True,6037.232259257358,0.03633403778076172,19095,3.717097043120184,1.0,62.02147158942131
50,standard,17,10944006998,3074602034,True,7159.954913822352,12.37741732597351,12136,True,7159.954913822352,0.05657219886779785,31359,0.0,1.0,61.299786345227844
50,standard,18,3535737813,1835407915,True,8959.876612659193,13.239300966262817,13031,True,8785.517344479193,0.05964183807373047,33219,0.0,1.019846215236211,60.77244950179115
50,standard,19,1832500331,10113638861,True,6368.89971489041,8.010756731033325,7688,True,6368.89971489041,0.035917043685913086,20265,0.0,1.0,62.06266962743647
50,standard,20,10006667081,3925033990,True,3531.233524084723,3.552215099334717,3520,True,3531.233524084723,0.016319990158081055,9271,0.0,1.0,62.032143242368676
50,standard,21,4515109737,11064139368,True,6929.100747010071,13.536268949508667,13204,True,6662.158053345915,0.055139780044555664,30309,0.0,1.040068502056941,56.43538222970075
50,standard,22,3479147682,7070924830,True,64956.709890455066,29.406497955322266,27930,True,63802.935593736765,0.13182902336120605,72322,2.6223869112006843,1.0180834045640927,61.38104587815603
50,standard,23,2519156446,977632822,True,2898.8331310202348,0.9238498210906982,977,True,2898.8331310202348,0.004133939743041992,2329,0.0,1.0,58.05066552168312
50,standard,24,2857860458,11056068705,True,4577.784409459445,5.4424378871917725,5415,True,4577.784409459445,0.024567127227783203,13538,0.0,1.0,60.001477323090555
50,standard,25,5068744258,11189424498,True,2499.7792933633473,1.8164987564086914,1908,True,2499.7792933633473,0.009083032608032227,5101,0.0,1.0,62.59556949617722
50,standard,26,3498359660,9999912987,True,9695.25087950528,20.6717848777771,19198,True,9348.442354768467,0.08620691299438477,47973,3.310903479226797,1.0370980010974675,59.98165634836262
50,standard,27,11977562724,3498398454,True,1612.6343155927375,0.34331583976745605,365,True,1612.6343155927375,0.0014109611511230469,829,0.0,1.0,55.97104945717732
50,standard,28,3497331305,11782247430,True,8482.52259862475,13.718430042266846,13235,True,8482.52259862475,0.06870508193969727,34823,0.0,1.0,61.993510036470155
50,standard,29,3487075884,3495377502,True,18348.75439460026,21.520962715148926,21110,True,17719.650811959036,0.09285569190979004,52244,11.572373157319516,1.0355031591376869,59.593446137355485
50,standard,30,12772267800,5075056399,True,8671.480125660777,13.737058877944946,13649,True,8671.480125660777,0.06672477722167969,36329,0.36320414830228087,1.0,62.429464064521454
50,standard,31,268310357,3484264519,True,12181.792292378419,20.12953019142151,19613,True,12181.792292378419,0.09169888496398926,50493,1.2454668916153222,1.0,61.156992058305114
50,standard,32,2097604343,9874143977,True,4463.9958043563,1.6331889629364014,1727,True,4463.9958043563,0.0074079036712646484,4266,0.0,1.0,59.517112048757625
50,standard,33,3079800856,10945732686,True,2850.276343831078,1.515674114227295,1651,True,2850.276343831078,0.006834983825683594,3835,0.0,1.0,56.949152542372886
50,standard,34,3500178997,2521404887,True,34606.50144957801,27.92592215538025,27410,True,34231.921061192275,0.13555407524108887,71456,0.0,1.010942429661372,61.64072995969547
50,standard,35,1931989766,3487796010,True,24440.529792188012,26.7257878780365,26032,True,23702.41753786974,0.12240791320800781,67925,6.969637207530427,1.0311408004326554,61.675377254324616
50,standard,36,1278980981,2516860150,True,3265.930931552578,1.6026549339294434,1744,True,3265.930931552578,0.012129068374633789,4242,0.0,1.0,58.88731730315888
50,standard,37,2516880342,3512815583,True,13123.171063259244,509.39527010917664,11123,True,13123.171063259244,0.0554959774017334,28861,0.0,1.0,61.460101867572156
50,standard,38,6354396888,3487058837,True,11296.64516396011,19.718297958374023,19347,True,12334.906235759785,0.08723092079162598,48294,0.0,0.915827404606475,59.9391228724065
50,standard,39,12615277928,12311365439,True,4237.3214108094235,5.157750129699707,5129,True,4237.3214108094235,0.023064136505126953,12751,0.0,1.0,59.775703866363415
50,standard,40,11052131889,3487119302,True,11678.174177617175,20.80178999900818,20426,True,11678.174177617175,0.1041102409362793,54592,0.0,1.0,62.584261430246194
50,standard,41,10779882929,3489575020,True,19938.020517801273,26.724633932113647,24928,True,20248.02707110546,0.11466598510742188,64510,9.587459993242176,0.9846895427285073,61.35792900325531
50,standard,42,1317084931,5053149016,True,8002.133175212717,11.182142972946167,10660,True,8002.133175212717,0.04879879951477051,27748,3.254608381692429,1.0,61.58281677958772
50,standard,43,3482124174,10956817020,False,0,0.0006229877471923828,0,True,15278.397271634209,0.0970618724822998,53339,-1,-1,100.0
50,standard,44,2302338802,10926041122,True,6520.938491139169,6.0440661907196045,5911,True,6520.938491139169,0.027048826217651367,14928,0.0,1.0,60.403269024651664
50,standard,45,4366629260,1278029480,True,1985.3397532844008,0.9330761432647705,963,True,1985.3397532844008,0.003972053527832031,2310,0.0,1.0,58.311688311688314
50,standard,46,1832500249,3488934335,True,3048.9446121560472,1.2811329364776611,1354,True,3048.9446121560472,0.006206989288330078,3424,0.0,1.0,60.45560747663552
50,standard,47,2515049090,1882601483,True,4585.718836302007,6.377196788787842,6389,True,4479.489183448038,0.028059959411621094,15676,0.0,1.0237146800680965,59.24342944628731
50,standard,48,5364240728,8626730293,False,0,29.115582942962646,28516,True,2846.936178753612,0.003480195999145508,2039,-1,-1,-1298.5286905345758
50,standard,49,10302113554,3166114448,True,1769.1215378799773,1.0727341175079346,1144,True,1769.1215378799773,0.00462794303894043,2799,0.0,1.0,59.128260092890315
50,standard,50,9913833760,6084075960,True,4396.70749456132,3.8060059547424316,3851,True,4407.24674216798,0.01853799819946289,9666,0.0,0.9976086549668705,60.15932133250569
50,standard,51,1124354005,1954497029,True,5070.12981589228,5.644810914993286,5715,True,5070.12981589228,0.025658845901489258,14403,0.0,1.0,60.320766506977705
50,standard,52,3484823241,2194418722,False,0,0.0001480579376220703,0,True,16062.399723279214,0.08537912368774414,46751,-1,-1,100.0
50,standard,53,2331016912,1954532218,True,3925.94031987883,2.2766151428222656,2338,True,3925.94031987883,0.00978994369506836,5650,0.0,1.0,58.619469026548664
50,standard,54,5100066222,11529704183,True,15252.442757817496,22.62712001800537,22151,True,15048.441553964956,0.10908985137939453,56985,1.990693099189299,1.0135563010376174,61.12836711415285
50,standard,55,12597531704,3504112995,True,31007.275191001507,27.361544132232666,26801,True,30143.4761474437,0.1236727237701416,69434,5.493601897042008,1.028656251831495,61.4007546735029
50,standard,56,3484443455,6089506432,True,11138.192755323578,22.129451036453247,21883,True,11138.192755323578,0.10230803489685059,56770,0.0,1.0,61.453232341025185
50,standard,57,11007221469,728152153,True,6158.924721310814,8.03509783744812,8024,True,6158.924721310814,0.037782907485961914,21140,3.3817153754170652,1.0,62.04351939451277
50,standard,58,977632825,1950365695,True,7826.883029592604,9.6896390914917,9809,True,7787.789844565952,0.043686866760253906,24332,0.0,1.0050198048235637,59.686832155186586
50,standard,59,1887596102,11027577102,True,6945.8358428640995,9.057930946350098,8915,True,6908.781869055859,0.041893959045410156,23125,2.879243265169953,1.0053633150547427,61.44864864864865
50,standard,60,1835462250,10962868704,True,7015.04902539391,13.254382133483887,12822,True,7266.496643360606,0.06190776824951172,33051,2.9690071089593735,0.9653963071466573,61.20540982118544
50,standard,61,1489359102,9999077133,True,2690.4380285619272,1.5369939804077148,1416,True,2690.4380285619272,0.006328105926513672,3578,0.0,1.0,60.42481833426495
50,standard,62,2516767938,3487964537,True,1759.9550648068823,0.3097689151763916,357,True,1759.9550648068823,0.0016379356384277344,849,0.0,1.0,57.95053003533569
50,standard,63,3495873461,2169181533,True,9591.714548408707,20.713447093963623,20475,True,9591.714548408707,0.09637093544006348,53091,0.0,1.0,61.43414137989489
50,standard,64,2521929457,7940914786,True,4504.1379791057025,4.667827129364014,4735,True,4504.1379791057025,0.021503925323486328,12111,0.0,1.0,60.90331103955082
50,standard,65,1835407695,3487210686,True,9229.540035048893,13.665594816207886,13583,True,8121.952377266135,0.06509995460510254,32385,1.4520301937616042,1.1363696321198542,58.05774278215223
50,standard,66,3092593576,2039616841,True,3367.430281246503,2.8225231170654297,2991,True,3367.430281246503,0.013966083526611328,7487,0.0,1.0,60.05075464137839
50,standard,67,3544247345,3512649781,True,29210.483487971123,18.014832735061646,17826,True,29210.483487971123,0.08413481712341309,47375,0.0,1.0,62.37255936675461
50,standard,68,11107126643,2093231601,True,5694.584439160986,8.748666763305664,8926,True,5694.584439160986,0.040780067443847656,22647,1.471144836244264,1.0,60.58639113348347
50,standard,69,2085592141,2172903345,True,4695.6842103856825,8.795402765274048,9009,True,4695.6842103856825,0.04199719429016113,22675,0.0,1.0,60.26901874310915
50,standard,70,3567339063,6091848381,True,2789.331875342636,1.5842139720916748,1731,True,2789.331875342636,0.007809162139892578,3944,0.0,1.0,56.1105476673428
50,standard,71,3491211765,11939650698,False,0,0.00018095970153808594,0,True,25860.85071583444,0.12613511085510254,66608,-1,-1,100.0
50,standard,72,1124430100,2516891951,True,5677.317274559027,4.159737825393677,4313,True,5544.630596600247,0.01948094367980957,10432,0.0,1.0239306615016226,58.65605828220859
50,standard,73,2552348289,3504190682,True,10178.563503392525,15.775676965713501,15777,True,10178.563503392525,0.08416223526000977,40632,0.0,1.0,61.17099822799763
50,standard,74,3491211767,10749874175,True,22165.200172812776,25.65895700454712,25154,True,21613.690385195045,0.11591720581054688,65787,8.624103214431004,1.0255166877006578,61.764482344536155
50,standard,75,1880051628,2523861482,True,6542.4068114029815,7.0288801193237305,7124,True,6714.570804972048,0.03236579895019531,17904,0.0,0.974359642846929,60.21000893655049
50,standard,76,4631691578,3500528663,True,4709.15884122297,1.6644299030303955,1773,True,4260.5725110028125,0.007850885391235352,4164,0.0,1.105287805585211,57.42074927953891
50,standard,77,1832593971,1400078353,True,5848.563285898472,7.169659852981567,7295,True,5848.563285898472,0.03331398963928223,18297,0.0,1.0,60.13007596873805
50,standard,78,2516924629,1883487759,True,8487.288572024301,11.390728950500488,11290,True,8487.288572024301,0.051325082778930664,28696,4.856183259753124,1.0,60.65653749651519
50,standard,79,3489882356,3491013122,True,14984.014182484605,7.554742097854614,7636,True,14264.508003154036,0.03172898292541504,17999,11.368223744109129,1.0504403081530382,57.57542085671425
50,standard,80,3505689863,2105153066,True,18146.519985960334,25.845459938049316,24795,True,18146.519985960334,0.11566901206970215,64662,0.0,1.0,61.65444929015496
50,standard,81,3490991238,10115884297,True,8058.700280693966,3.2244107723236084,3322,True,8058.700280693966,0.0146331787109375,8191,0.0,1.0,59.44329141740935
50,standard,82,1832594075,3489257082,True,8776.587617349729,14.855515956878662,13849,True,8776.587617349729,0.06557011604309082,35451,0.0,1.0,60.934811429860936
50,standard,83,1480927624,2191994431,True,7820.088509979302,12.43874716758728,11836,True,6775.2128029039795,0.04163694381713867,22801,0.0,1.1542203525515051,48.08999605280471
50,standard,84,2355854521,1957364523,True,18647.033905050226,24.803420782089233,23581,True,17343.716006890703,0.11233210563659668,61322,0.0,1.0751464044753565,61.54561168911648
50,standard,85,1280126363,12065060516,True,6003.630635258454,9.024979829788208,8728,True,5032.852216051462,0.03689980506896973,20996,5.661757785343065,1.1928883220752742,58.43017717660507
50,standard,86,1275274775,2169447682,False,0,0.00033402442932128906,0,True,5160.743235545743,0.03633928298950195,14725,-1,-1,100.0
50,standard,87,1835495789,5450241679,True,6589.661233572702,12.87708592414856,12483,True,6589.661233572702,0.05775284767150879,32150,3.158485316579403,1.0,61.17262830482115
50,standard,88,5042508097,3488665239,True,2350.477053614569,0.9411358833312988,985,True,2350.477053614569,0.003834962844848633,2292,0.0,1.0,57.02443280977312
50,standard,89,3498388295,1124354329,True,5962.692084227136,7.030077934265137,6861,True,5764.636858519826,0.02990412712097168,16791,2.5764386826912355,1.0343569301186066,59.13882437019833
50,standard,90,1979266939,11347926989,True,3986.371998713856,4.083897829055786,3965,True,3986.371998713856,0.01800227165222168,10156,5.016779938750028,1.0,60.95903899172903
50,standard,91,1273478057,11052131865,True,5521.517183224158,11.198318004608154,10826,True,5521.517183224158,0.05236101150512695,28855,3.7694980485994685,1.0,62.48137237913707
50,standard,92,6098737553,3824958181,True,7842.25792345377,18.199386835098267,15114,True,7842.25792345377,0.07011795043945312,38775,0.0,1.0,61.02127659574468
50,standard,93,12323021593,12854763032,True,9099.711875562929,16.885549783706665,16234,True,9099.711875562929,0.07818198204040527,42088,0.0,1.0,61.42843565862004
50,standard,94,2115566297,1950493587,True,4253.657531270926,4.033096790313721,3838,True,3939.679454469247,0.015249967575073242,8705,0.0,1.079696351043356,55.91039632395175
50,standard,95,3490877304,11850627647,True,8352.292784670171,6.329945087432861,6153,True,7752.258075303861,0.025636911392211914,14261,3.843260850223932,1.0774012814766607,56.85435803940817
50,standard,96,3318269307,3144158732,True,4104.534268239499,0.9099950790405273,941,True,4104.534268239499,0.003874063491821289,2219,0.0,1.0,57.593510590356026
50,standard,97,1931372210,1832349710,True,6917.771336875828,10.437854051589966,9632,True,6917.771336875828,0.046504974365234375,25413,1.9049132444984895,1.0,62.098138747884946
50,standard,98,6290088001,6072430239,True,11162.64894542082,18.13502788543701,17076,True,11162.64894542082,0.08579182624816895,45631,0.0,1.0,62.57807192478797
50,standard,99,2516868263,10636203372,True,3768.2669295074934,1.796576976776123,1814,True,3768.2669295074934,0.00848698616027832,4720,6.842026430373012,1.0,61.56779661016949
50,standard,100,2303826373,9469153932,True,4249.140824382803,6.0676281452178955,5962,True,4249.140824382803,0.027158021926879883,15193,0.0,1.0,60.75824392812479
50,wide,1,3479168346,1273357595,False,0,29.108569145202637,27496,True,43152.91766419638,0.12800002098083496,71961,-1,-1,61.79041425216436
50,wide,2,2167631058,3481893581,True,23505.16123217569,24.18968677520752,22995,True,22472.053753363212,0.11502909660339355,61773,0.0,1.0459729889466762,62.77499878587732
50,wide,3,1832593795,8514323209,True,3535.912141682475,1.8754260540008545,1922,True,3535.912141682475,0.00851893424987793,4642,0.0,1.0,58.59543300301594
50,wide,4,3491107647,2236941346,True,22863.390664666676,25.795451164245605,24734,True,20391.001670862293,0.12094306945800781,67562,0.5288144264897935,1.1212490211963104,63.39066339066339
50,wide,5,913498558,1835407716,True,11679.02741938227,15.003285884857178,14273,True,11543.425949062115,0.06979680061340332,38864,9.295445800612004,1.0117470732621776,63.274495677233425
50,wide,6,2168022200,1835496063,True,6385.529247118542,13.156795740127563,8975,True,6385.529247118542,0.04369187355041504,24182,0.0,1.0,62.885617401372926
50,wide,7,8514323209,6094752669,True,2824.3834880805307,3.9608590602874756,2661,True,3123.445754203857,0.011259078979492188,6169,0.0,0.9042524539698449,56.86497001134706
50,wide,8,1274031326,3479110325,True,38744.45784613637,47.4568829536438,26309,True,38141.90871180438,0.12547612190246582,70954,4.574911795376321,1.0157975611258676,62.92104743918595
50,wide,9,3517744265,3487889166,True,25435.880851740367,32.143335819244385,23496,True,23559.36594958346,0.10921978950500488,62178,2.508123344374269,1.079650484065344,62.211714754414736
50,wide,10,2185027111,268301695,False,0,0.0011217594146728516,0,True,4619.871596220789,0.03505587577819824,19716,-1,-1,100.0
50,wide,11,10013324803,2169351529,True,10708.930852435846,21.707504749298096,15798,True,10152.10934614784,0.07305765151977539,40850,0.0,1.054847863365389,61.326805385556916
50,wide,12,8794963017,10901289719,True,9094.873383307975,19.19952917098999,16098,True,9094.873383307975,0.07888197898864746,43784,5.381732303004831,1.0,63.23314452768134
50,wide,13,3501694602,2342125810,True,8088.688529879883,3.601201295852661,3323,True,7901.157960904627,0.015075922012329102,8336,2.9410049166973486,1.0237345677561653,60.13675623800384
50,wide,14,1278041265,3491353855,True,10727.483797986377,19.326444149017334,16713,True,10574.38173731274,0.09882187843322754,45394,4.012389220269226,1.014478582717834,63.182358902057544
50,wide,15,3488053123,5524355240,True,4697.6464335121345,0.23366618156433105,242,True,3340.584919288161,0.0009071826934814453,441,0.0,1.4062347005126117,45.12471655328798
50,wide,16,2599227046,2516912122,False,0,0.00010704994201660156,0,True,6037.232259257358,0.03633403778076172,19095,-1,-1,100.0
50,wide,17,10944006998,3074602034,True,7159.954913822352,13.610694169998169,11448,True,7159.954913822352,0.05657219886779785,31359,0.0,1.0,63.493733856309184
50,wide,18,3535737813,1835407915,True,9238.381998568912,14.040276050567627,11992,True,8785.517344479193,0.05964183807373047,33219,2.7307801904972293,1.0515467258594964,63.900177609199545
50,wide,19,1832500331,10113638861,True,6368.89971489041,8.25059986114502,7327,True,6368.89971489041,0.035917043685913086,20265,0.0,1.0,63.844066123858866
50,wide,20,10006667081,3925033990,True,3552.9238089502023,3.530747175216675,3267,True,3531.233524084723,0.016319990158081055,9271,3.470294842451696,1.0061424102137515,64.76108294682344
50,wide,21,4515109737,11064139368,True,6446.855755210506,14.490689992904663,12976,True,6662.158053345915,0.055139780044555664,30309,9.37644689636437,0.967682799415532,57.18763403609489
50,wide,22,3479147682,7070924830,True,65483.768151949596,30.814577102661133,26866,True,63802.935593736765,0.13182902336120605,72322,1.6127586907217342,1.0263441257454904,62.85224413041674
50,wide,23,2519156446,977632822,True,2898.8331310202348,1.0034608840942383,955,True,2898.8331310202348,0.004133939743041992,2329,0.0,1.0,58.99527694289395
50,wide,24,2857860458,11056068705,True,4577.784409459445,5.370242118835449,5138,True,4577.784409459445,0.024567127227783203,13538,0.0,1.0,62.047569803516026
50,wide,25,5068744258,11189424498,True,2702.1358076288943,1.653792142868042,1624,True,2499.7792933633473,0.009083032608032227,5101,3.3469704347439073,1.080949752165234,68.1631052734758
50,wide,26,3498359660,9999912987,True,12553.3020255449,20.579938888549805,18641,True,9348.442354768467,0.08620691299438477,47973,2.877240283372821,1.3428228521023817,61.14272611677403
50,wide,27,11977562724,3498398454,True,1612.6343155927375,0.33566784858703613,345,True,1612.6343155927375,0.0014109611511230469,829,0.0,1.0,58.383594692400486
50,wide,28,3497331305,11782247430,True,7989.611898492534,14.818774938583374,13240,True,8482.52259862475,0.06870508193969727,34823,5.954864302133254,0.9418910242323281,61.97915171007667
50,wide,29,3487075884,3495377502,True,18975.912576604333,23.34134292602539,21731,True,17719.650811959036,0.09285569190979004,52244,7.800948318974118,1.0708965305229063,58.40479289487788
50,wide,30,12772267800,5075056399,False,0,0.0007500648498535156,0,True,8671.480125660777,0.06672477722167969,36329,-1,-1,100.0
50,wide,31,268310357,3484264519,True,12366.437743594717,20.33425784111023,19113,True,12181.792292378419,0.09169888496398926,50493,5.587829971423433,1.0151574946267818,62.147228328679226
50,wide,32,2097604343,9874143977,True,4463.9958043563,1.5880680084228516,1647,True,4463.9958043563,0.0074079036712646484,4266,0.0,1.0,61.392405063291136
50,wide,33,3079800856,10945732686,True,2850.276343831078,1.4917171001434326,1611,True,2850.276343831078,0.006834983825683594,3835,0.0,1.0,57.99217731421121
50,wide,34,3500178997,2521404887,True,34606.50144957801,28.081830978393555,26346,True,34231.921061192275,0.13555407524108887,71456,0.0,1.010942429661372,63.129758172861614
50,wide,35,1931989766,3487796010,True,25256.060319702356,27.00716781616211,25216,True,23702.41753786974,0.12240791320800781,67925,0.0,1.0655478614934673,62.8767022451233
50,wide,36,1278980981,2516860150,True,3265.930931552578,1.5644409656524658,1652,True,3265.930931552578,0.012129068374633789,4242,0.0,1.0,61.05610561056105
50,wide,37,2516880342,3512815583,True,13123.171063259244,9.068396091461182,8808,True,13123.171063259244,0.0554959774017334,28861,0.0,1.0,69.481306954021
50,wide,38,6354396888,3487058837,True,12735.415376099727,18.983842134475708,18366,True,12334.906235759785,0.08723092079162598,48294,0.9824708702508244,1.0324695731515847,61.970431109454594
50,wide,39,12615277928,12311365439,True,4560.772300906336,5.894093036651611,5973,True,4237.3214108094235,0.023064136505126953,12751,7.9194627344289295,1.0763338106171951,53.15661516743785
50,wide,40,11052131889,3487119302,True,11678.174177617175,19.73841404914856,19151,True,11678.174177617175,0.1041102409362793,54592,4.191252256923813,1.0,64.91976846424384
50,wide,41,10779882929,3489575020,True,20277.173650532834,24.640336990356445,23828,True,20248.02707110546,0.11466598510742188,64510,3.345888526817657,1.0014394775019322,63.0630909936444
50,wide,42,1317084931,5053149016,True,8362.251323841276,11.397897958755493,10276,True,8002.133175212717,0.04879879951477051,27748,0.0,1.0450027687297252,62.96670030272452
50,wide,43,3482124174,10956817020,False,0,0.0006051063537597656,0,True,15278.397271634209,0.0970618724822998,53339,-1,-1,100.0
50,wide,44,2302338802,10926041122,True,6520.938491139169,6.015694856643677,5673,True,6520.938491139169,0.027048826217651367,14928,3.090870679442972,1.0,61.997588424437296
50,wide,45,4366629260,1278029480,True,1985.3397532844008,1.0109307765960693,963,True,1985.3397532844008,0.003972053527832031,2310,0.0,1.0,58.311688311688314
50,wide,46,1832500249,3488934335,True,3048.9446121560472,1.2495388984680176,1247,True,3048.9446121560472,0.006206989288330078,3424,0.0,1.0,63.58060747663552
50,wide,47,2515049090,1882601483,True,4622.344947185598,6.558429956436157,6115,True,4479.489183448038,0.028059959411621094,15676,0.0,1.0318910835336808,60.99132431742791
50,wide,48,5364240728,8626730293,False,0,0.0004432201385498047,0,True,2846.936178753612,0.003480195999145508,2039,-1,-1,100.0
50,wide,49,10302113554,3166114448,True,1769.1215378799773,1.1031780242919922,1046,True,1769.1215378799773,0.00462794303894043,2799,0.0,1.0,62.62951053947838
50,wide,50,9913833760,6084075960,True,4396.70749456132,3.9752678871154785,3722,True,4407.24674216798,0.01853799819946289,9666,0.0,0.9976086549668705,61.49389613076763
50,wide,51,1124354005,1954497029,True,5070.12981589228,5.832165718078613,5404,True,5070.12981589228,0.025658845901489258,14403,0.0,1.0,62.480038880788726
50,wide,52,3484823241,2194418722,False,0,0.000308990478515625,0,True,16062.399723279214,0.08537912368774414,46751,-1,-1,100.0
50,wide,53,2331016912,1954532218,True,3925.94031987883,2.3835201263427734,2332,True,3925.94031987883,0.00978994369506836,5650,0.0,1.0,58.72566371681416
50,wide,54,5100066222,11529704183,True,16381.872301282632,69.09553217887878,22038,True,15048.441553964956,0.10908985137939453,56985,4.69944939974425,1.088609225250062,61.32666491181891
50,wide,55,12597531704,3504112995,True,31504.90754150897,146.94002318382263,25799,True,30143.4761474437,0.1236727237701416,69434,1.0932541423429603,1.0451650429235821,62.84385171529798
50,wide,56,3484443455,6089506432,True,11138.192755323578,115.35841822624207,20749,True,11138.192755323578,0.10230803489685059,56770,4.39444485778837,1.0,63.45076624977981
50,wide,57,11007221469,728152153,True,6245.135884183963,41.83898305892944,7664,True,6158.924721310814,0.037782907485961914,21140,0.0,1.0139977620727925,63.74645222327342
50,wide,58,977632825,1950365695,True,7984.975407858525,49.227619886398315,9403,True,7787.789844565952,0.043686866760253906,24332,7.709289458879814,1.0253198362087494,61.35541673516357
50,wide,59,1887596102,11027577102,True,7391.893594943954,48.587055921554565,9328,True,6908.781869055859,0.041893959045410156,23125,0.0,1.069927193395978,59.66270270270271
50,wide,60,1835462250,10962868704,True,7547.609359307644,75.52334213256836,13240,True,7266.496643360606,0.06190776824951172,33051,11.827485610403468,1.0386861413063324,59.94069770960031
50,wide,61,1489359102,9999077133,True,2690.4380285619272,6.128272771835327,1335,True,2690.4380285619272,0.006328105926513672,3578,0.0,1.0,62.68865287870319
50,wide,62,2516767938,3487964537,True,1759.9550648068823,0.9390969276428223,255,True,1759.9550648068823,0.0016379356384277344,849,28.64717552244339,1.0,69.96466431095406
50,wide,63,3495873461,2169181533,True,9591.714548408707,97.03122282028198,19460,True,9591.714548408707,0.09637093544006348,53091,5.102963983306581,1.0,63.345953174737716
50,wide,64,2521929457,7940914786,True,4504.1379791057025,20.718060970306396,4327,True,4504.1379791057025,0.021503925323486328,12111,0.0,1.0,64.27214928577327
50,wide,65,1835407695,3487210686,False,0,0.004639148712158203,0,True,8121.952377266135,0.06509995460510254,32385,-1,-1,100.0
50,wide,66,3092593576,2039616841,True,3367.430281246503,13.706784963607788,2745,True,3367.430281246503,0.013966083526611328,7487,0.0,1.0,63.336449846400434
50,wide,67,3544247345,3512649781,True,29210.483487971123,84.32125902175903,17147,True,29210.483487971123,0.08413481712341309,47375,0.0,1.0,63.80580474934037
50,wide,68,11107126643,2093231601,False,0,0.006975889205932617,0,True,5694.584439160986,0.040780067443847656,22647,-1,-1,100.0
50,wide,69,2085592141,2172903345,True,4726.311486023732,45.36135292053223,8955,True,4695.6842103856825,0.04199719429016113,22675,5.5121642006106155,1.006522430867542,60.507166482910705
50,wide,70,3567339063,6091848381,True,2789.331875342636,7.840068101882935,1714,True,2789.331875342636,0.007809162139892578,3944,0.0,1.0,56.54158215010142
50,wide,71,3491211765,11939650698,False,0,0.00167083740234375,0,True,25860.85071583444,0.12613511085510254,66608,-1,-1,100.0
50,wide,72,1124430100,2516891951,True,5906.31720263714,11.505106210708618,3891,True,5544.630596600247,0.01948094367980957,10432,0.0,1.0652318670713006,62.70130368098159
50,wide,73,2552348289,3504190682,True,10178.563503392525,78.41576790809631,14992,True,10178.563503392525,0.08416223526000977,40632,0.0,1.0,63.10297302618626
50,wide,74,3491211767,10749874175,True,24692.730278340416,124.51913189888,23935,True,21613.690385195045,0.11591720581054688,65787,3.393583126327208,1.142457851402112,63.61743201544379
50,wide,75,1880051628,2523861482,True,6542.4068114029815,37.26190686225891,6782,True,6714.570804972048,0.03236579895019531,17904,7.481371197122355,0.974359642846929,62.12019660411081
50,wide,76,4631691578,3500528663,True,4709.15884122297,8.299272060394287,1673,True,4260.5725110028125,0.007850885391235352,4164,0.0,1.105287805585211,59.82228626320845
50,wide,77,1832593971,1400078353,True,5227.130765814173,40.12159490585327,7383,True,5848.563285898472,0.03331398963928223,18297,6.146802175088217,0.8937461236706388,59.64912280701755
50,wide,78,2516924629,1883487759,True,9365.827037822746,54.84188103675842,11675,True,8487.288572024301,0.051325082778930664,28696,4.407998511597583,1.1035122652355986,59.314887092277665
50,wide,79,3489882356,3491013122,True,15499.227856666952,35.592878103256226,8001,True,14264.508003154036,0.03172898292541504,17999,6.813856610465674,1.0865588811923905,55.54753041835659
50,wide,80,3505689863,2105153066,True,18146.519985960334,60.17622494697571,23752,True,18146.519985960334,0.11566901206970215,64662,0.0,1.0,63.26745229037147
50,wide,81,3490991238,10115884297,True,8058.700280693966,3.282118082046509,3133,True,8058.700280693966,0.0146331787109375,8191,5.851021929179884,1.0,61.75070198998901
50,wide,82,1832594075,3489257082,True,8776.587617349729,14.128092288970947,13312,True,8776.587617349729,0.06557011604309082,35451,0.0,1.0,62.449578291162446
50,wide,83,1480927624,2191994431,True,8046.216509803879,13.658262968063354,12353,True,6775.2128029039795,0.04163694381713867,22801,7.512673883880576,1.1875961307599259,45.82255164247182
50,wide,84,2355854521,1957364523,True,18675.31771890403,24.358731031417847,22553,True,17343.716006890703,0.11233210563659668,61322,12.974213167351165,1.0767771861280637,63.22200841459835
50,wide,85,1280126363,12065060516,True,6514.356520615179,9.382222890853882,8676,True,5032.852216051462,0.03689980506896973,20996,4.949765432301014,1.2943667409582782,58.677843398742624
50,wide,86,1275274775,2169447682,False,0,0.0002942085266113281,0,True,5160.743235545743,0.03633928298950195,14725,-1,-1,100.0
50,wide,87,1835495789,5450241679,True,5607.143834312679,12.966800928115845,12313,True,6589.661233572702,0.05775284767150879,32150,5.7508543539893155,0.8509001655116444,61.701399688958006
50,wide,88,5042508097,3488665239,True,2350.477053614569,0.9358458518981934,980,True,2350.477053614569,0.003834962844848633,2292,0.0,1.0,57.24258289703316
50,wide,89,3498388295,1124354329,False,0,0.00017404556274414062,0,True,5764.636858519826,0.02990412712097168,16791,-1,-1,100.0
50,wide,90,1979266939,11347926989,False,0,0.00013899803161621094,0,True,3986.371998713856,0.01800227165222168,10156,-1,-1,100.0
50,wide,91,1273478057,11052131865,True,5946.506572823912,10.431149959564209,10367,True,5521.517183224158,0.05236101150512695,28855,0.0,1.0769696761772265,64.07208456073471
50,wide,92,6098737553,3824958181,True,7842.25792345377,14.018447160720825,14013,True,7842.25792345377,0.07011795043945312,38775,0.0,1.0,63.860735009671174
50,wide,93,12323021593,12854763032,True,9099.711875562929,15.926896333694458,15372,True,9099.711875562929,0.07818198204040527,42088,5.378870732174633,1.0,63.47652537540392
50,wide,94,2115566297,1950493587,False,0,0.0003662109375,0,True,3939.679454469247,0.015249967575073242,8705,-1,-1,100.0
50,wide,95,3490877304,11850627647,True,8469.529107463992,6.129746913909912,5855,True,7752.258075303861,0.025636911392211914,14261,5.56720821957798,1.0925241426682013,58.94397307341701
50,wide,96,3318269307,3144158732,True,4104.534268239499,0.911290168762207,936,True,4104.534268239499,0.003874063491821289,2219,0.0,1.0,57.81883731410545
50,wide,97,1931372210,1832349710,True,7059.783563910677,9.637346029281616,9128,True,6917.771336875828,0.046504974365234375,25413,1.0249106330845525,1.0205286095939368,64.08137567386771
50,wide,98,6290088001,6072430239,True,11162.64894542082,16.79230284690857,16182,True,11162.64894542082,0.08579182624816895,45631,5.36646987323853,1.0,64.5372663320988
50,wide,99,2516868263,10636203372,True,4526.3701053721825,2.0549798011779785,2063,True,3768.2669295074934,0.00848698616027832,4720,17.47212069463327,1.201180858481215,56.29237288135593
50,wide,100,2303826373,9469153932,True,4249.140824382803,5.8567469120025635,5755,True,4249.140824382803,0.027158021926879883,15193,4.707489223766681,1.0,62.12071348647403
50,very_wide,1,3479168346,1273357595,False,0,948.8281831741333,19756,True,43152.91766419638,0.12800002098083496,71961,-1,-1,72.54624032462029
50,very_wide,2,2167631058,3481893581,False,0,0.00048089027404785156,0,True,22472.053753363212,0.11502909660339355,61773,-1,-1,100.0
50,very_wide,3,1832593795,8514323209,False,0,5.2928924560546875e-05,0,True,3535.912141682475,0.00851893424987793,4642,-1,-1,100.0
50,very_wide,4,3491107647,2236941346,False,0,9.703636169433594e-05,0,True,20391.001670862293,0.12094306945800781,67562,-1,-1,100.0
50,very_wide,5,913498558,1835407716,True,12362.957636930658,129.96950602531433,7571,True,11543.425949062115,0.06979680061340332,38864,37.2167606815288,1.0709955338635953,80.51924660354055
50,very_wide,6,2168022200,1835496063,True,6637.908607457006,326.8801281452179,6519,True,6385.529247118542,0.04369187355041504,24182,43.98383316486207,1.0395236401825816,73.04193201554877
50,very_wide,7,8514323209,6094752669,True,3639.545042490949,2.566783905029297,2680,True,3123.445754203857,0.011259078979492188,6169,57.95673444145339,1.1652339527883497,56.55697844059004
50,very_wide,8,1274031326,3479110325,False,0,0.00029397010803222656,0,True,38141.90871180438,0.12547612190246582,70954,-1,-1,100.0
50,very_wide,9,3517744265,3487889166,False,0,0.00018095970153808594,0,True,23559.36594958346,0.10921978950500488,62178,-1,-1,100.0
50,very_wide,10,2185027111,268301695,False,0,8.893013000488281e-05,0,True,4619.871596220789,0.03505587577819824,19716,-1,-1,100.0
50,very_wide,11,10013324803,2169351529,False,0,20.18721604347229,20246,True,10152.10934614784,0.07305765151977539,40850,-1,-1,50.43818849449204
50,very_wide,12,8794963017,10901289719,True,9223.248210335727,13.228186130523682,12434,True,9094.873383307975,0.07888197898864746,43784,6.527142908560552,1.0141150757814135,71.6014982642061
50,very_wide,13,3501694602,2342125810,False,0,0.0004570484161376953,0,True,7901.157960904627,0.015075922012329102,8336,-1,-1,100.0
50,very_wide,14,1278041265,3491353855,True,12284.147000378109,13.766173124313354,13354,True,10574.38173731274,0.09882187843322754,45394,28.89406254477486,1.1616893834116366,70.58201524430541
50,very_wide,15,3488053123,5524355240,True,5270.593781423492,0.22721481323242188,254,True,3340.584919288161,0.0009071826934814453,441,0.0,1.577745786670974,42.403628117913826
50,very_wide,16,2599227046,2516912122,False,0,0.0002677440643310547,0,True,6037.232259257358,0.03633403778076172,19095,-1,-1,100.0
50,very_wide,17,10944006998,3074602034,False,0,0.00013899803161621094,0,True,7159.954913822352,0.05657219886779785,31359,-1,-1,100.0
50,very_wide,18,3535737813,1835407915,False,0,0.00013494491577148438,0,True,8785.517344479193,0.05964183807373047,33219,-1,-1,100.0
50,very_wide,19,1832500331,10113638861,True,6368.89971489041,5.709393262863159,5556,True,6368.89971489041,0.035917043685913086,20265,0.0,1.0,72.58327165062917
50,very_wide,20,10006667081,3925033990,False,0,0.0002570152282714844,0,True,3531.233524084723,0.016319990158081055,9271,-1,-1,100.0
50,very_wide,21,4515109737,11064139368,False,0,20.698656797409058,19951,True,6662.158053345915,0.055139780044555664,30309,-1,-1,34.174667590484674
50,very_wide,22,3479147682,7070924830,True,71222.58986026692,19.792887210845947,19114,True,63802.935593736765,0.13182902336120605,72322,5.015194013516357,1.1162901706243513,73.57097425403059
50,very_wide,23,2519156446,977632822,True,3606.4031699330117,0.9459702968597412,973,True,2898.8331310202348,0.004133939743041992,2329,54.319026833304044,1.2440878818932741,58.22241305281237
50,very_wide,24,2857860458,11056068705,False,0,0.00037789344787597656,0,True,4577.784409459445,0.024567127227783203,13538,-1,-1,100.0
50,very_wide,25,5068744258,11189424498,False,0,0.0002040863037109375,0,True,2499.7792933633473,0.009083032608032227,5101,-1,-1,100.0
50,very_wide,26,3498359660,9999912987,True,15398.151569057462,15.229873895645142,14823,True,9348.442354768467,0.08620691299438477,47973,14.171149061903085,1.6471355317501797,69.10136952035519
50,very_wide,27,11977562724,3498398454,False,0,0.00043010711669921875,0,True,1612.6343155927375,0.0014109611511230469,829,-1,-1,100.0
50,very_wide,28,3497331305,11782247430,True,9260.84197707244,9.924319982528687,9484,True,8482.52259862475,0.06870508193969727,34823,7.597848811025522,1.0917556504445831,72.76512649685553
50,very_wide,29,3487075884,3495377502,True,21461.921129245926,12.660942077636719,12650,True,17719.650811959036,0.09285569190979004,52244,15.225444333475991,1.2111932315709755,75.78669320878953
50,very_wide,30,12772267800,5075056399,False,0,0.00037288665771484375,0,True,8671.480125660777,0.06672477722167969,36329,-1,-1,100.0
50,very_wide,31,268310357,3484264519,False,0,6.389617919921875e-05,0,True,12181.792292378419,0.09169888496398926,50493,-1,-1,100.0
50,very_wide,32,2097604343,9874143977,True,4463.9958043563,1.4098618030548096,1469,True,4463.9958043563,0.0074079036712646484,4266,0.0,1.0,65.56493202062823
50,very_wide,33,3079800856,10945732686,True,2850.276343831078,1.2516169548034668,1364,True,2850.276343831078,0.006834983825683594,3835,0.0,1.0,64.4328552803129
50,very_wide,34,3500178997,2521404887,True,35337.93362046989,18.995393753051758,18666,True,34231.921061192275,0.13555407524108887,71456,6.527839043701239,1.0323093920817512,73.87763098969995
50,very_wide,35,1931989766,3487796010,False,0,0.0004417896270751953,0,True,23702.41753786974,0.12240791320800781,67925,-1,-1,100.0
50,very_wide,36,1278980981,2516860150,False,0,0.00017213821411132812,0,True,3265.930931552578,0.012129068374633789,4242,-1,-1,100.0
50,very_wide,37,2516880342,3512815583,False,0,9.775161743164062e-05,0,True,13123.171063259244,0.0554959774017334,28861,-1,-1,100.0
50,very_wide,38,6354396888,3487058837,False,0,8.296966552734375e-05,0,True,12334.906235759785,0.08723092079162598,48294,-1,-1,100.0
50,very_wide,39,12615277928,12311365439,True,7006.669373182149,5.593212842941284,5694,True,4237.3214108094235,0.023064136505126953,12751,34.718299687449125,1.6535609867375431,55.34467884871774
50,very_wide,40,11052131889,3487119302,False,0,0.0001621246337890625,0,True,11678.174177617175,0.1041102409362793,54592,-1,-1,100.0
50,very_wide,41,10779882929,3489575020,False,0,4.410743713378906e-05,0,True,20248.02707110546,0.11466598510742188,64510,-1,-1,100.0
50,very_wide,42,1317084931,5053149016,True,9468.256988615762,6.860453844070435,6803,True,8002.133175212717,0.04879879951477051,27748,29.902938430162173,1.183216622530663,75.48291768776127
50,very_wide,43,3482124174,10956817020,False,0,0.0001952648162841797,0,True,15278.397271634209,0.0970618724822998,53339,-1,-1,100.0
50,very_wide,44,2302338802,10926041122,False,0,19.93049693107605,19918,True,6520.938491139169,0.027048826217651367,14928,-1,-1,-33.427116827438375
50,very_wide,45,4366629260,1278029480,True,1985.3397532844008,0.839033842086792,849,True,1985.3397532844008,0.003972053527832031,2310,36.605167136998,1.0,63.246753246753244
50,very_wide,46,1832500249,3488934335,False,0,0.00019216537475585938,0,True,3048.9446121560472,0.006206989288330078,3424,-1,-1,100.0
50,very_wide,47,2515049090,1882601483,True,8059.3626006829045,7.8645710945129395,7843,True,4479.489183448038,0.028059959411621094,15676,51.833050924325775,1.7991700103803574,49.96810410819087
50,very_wide,48,5364240728,8626730293,False,0,0.00027871131896972656,0,True,2846.936178753612,0.003480195999145508,2039,-1,-1,100.0
50,very_wide,49,10302113554,3166114448,False,0,20.54724931716919,20273,True,1769.1215378799773,0.00462794303894043,2799,-1,-1,-624.2943908538764
50,very_wide,50,9913833760,6084075960,True,4574.36930733812,3.076961040496826,3052,True,4407.24674216798,0.01853799819946289,9666,45.09062816071654,1.0379199475198726,68.42540864887235
50,very_wide,51,1124354005,1954497029,True,6679.083144751821,5.7211339473724365,5722,True,5070.12981589228,0.025658845901489258,14403,32.32370474971112,1.3173396712281982,60.272165521072
50,very_wide,52,3484823241,2194418722,False,0,0.00017523765563964844,0,True,16062.399723279214,0.08537912368774414,46751,-1,-1,100.0
50,very_wide,53,2331016912,1954532218,True,3925.94031987883,2.0968499183654785,2156,True,3925.94031987883,0.00978994369506836,5650,0.0,1.0,61.84070796460177
50,very_wide,54,5100066222,11529704183,False,0,0.0001971721649169922,0,True,15048.441553964956,0.10908985137939453,56985,-1,-1,100.0
50,very_wide,55,12597531704,3504112995,True,32424.193721378222,18.772785902023315,18329,True,30143.4761474437,0.1236727237701416,69434,4.907605480825762,1.0756620624236777,73.60226978137511
50,very_wide,56,3484443455,6089506432,True,11674.793172117845,15.734786033630371,14510,True,11138.192755323578,0.10230803489685059,56770,12.741200727002111,1.0481766143378866,74.44072573542364
50,very_wide,57,11007221469,728152153,False,0,0.0006940364837646484,0,True,6158.924721310814,0.037782907485961914,21140,-1,-1,100.0
50,very_wide,58,977632825,1950365695,False,0,0.0002970695495605469,0,True,7787.789844565952,0.043686866760253906,24332,-1,-1,100.0
50,very_wide,59,1887596102,11027577102,False,0,21.157228231430054,20221,True,6908.781869055859,0.041893959045410156,23125,-1,-1,12.557837837837837
50,very_wide,60,1835462250,10962868704,False,0,0.00047016143798828125,0,True,7266.496643360606,0.06190776824951172,33051,-1,-1,100.0
50,very_wide,61,1489359102,9999077133,True,3022.507459175297,1.1270091533660889,1126,True,2690.4380285619272,0.006328105926513672,3578,44.487266280479055,1.1234257868377162,68.52990497484627
50,very_wide,62,2516767938,3487964537,False,0,0.0001690387725830078,0,True,1759.9550648068823,0.0016379356384277344,849,-1,-1,100.0
50,very_wide,63,3495873461,2169181533,True,11525.243860762888,14.78522801399231,14330,True,9591.714548408707,0.09637093544006348,53091,12.906528056955224,1.2015832834261064,73.00860786197283
50,very_wide,64,2521929457,7940914786,True,9816.96132006544,7.852840900421143,7747,True,4504.1379791057025,0.021503925323486328,12111,67.0893177050975,2.1795427594814933,36.0333581042028
50,very_wide,65,1835407695,3487210686,False,0,0.0004532337188720703,0,True,8121.952377266135,0.06509995460510254,32385,-1,-1,100.0
50,very_wide,66,3092593576,2039616841,True,3367.430281246503,1.653028964996338,1669,True,3367.430281246503,0.013966083526611328,7487,38.158397741156364,1.0,77.70802724722853
50,very_wide,67,3544247345,3512649781,True,29210.483487971123,13.59116506576538,13122,True,29210.483487971123,0.08413481712341309,47375,4.0528014430590735,1.0,72.30184696569921
50,very_wide,68,11107126643,2093231601,False,0,0.0009191036224365234,0,True,5694.584439160986,0.040780067443847656,22647,-1,-1,100.0
50,very_wide,69,2085592141,2172903345,True,7502.715394499815,9.236916065216064,8678,True,4695.6842103856825,0.04199719429016113,22675,43.80307240113834,1.5977895996297367,61.72877618522602
50,very_wide,70,3567339063,6091848381,True,2789.331875342636,1.3919460773468018,1494,True,2789.331875342636,0.007809162139892578,3944,5.657070998800405,1.0,62.11967545638946
50,very_wide,71,3491211765,11939650698,False,0,0.00018286705017089844,0,True,25860.85071583444,0.12613511085510254,66608,-1,-1,100.0
50,very_wide,72,1124430100,2516891951,False,0,20.494211196899414,19752,True,5544.630596600247,0.01948094367980957,10432,-1,-1,-89.340490797546
50,very_wide,73,2552348289,3504190682,True,15182.95295335236,11.03904414176941,11061,True,10178.563503392525,0.08416223526000977,40632,32.767745047123306,1.4916596971951757,72.77761370348495
50,very_wide,74,3491211767,10749874175,False,0,0.0003390312194824219,0,True,21613.690385195045,0.11591720581054688,65787,-1,-1,100.0
50,very_wide,75,1880051628,2523861482,True,7245.859745896676,6.206576108932495,6223,True,6714.570804972048,0.03236579895019531,17904,7.765656573402994,1.0791247804746085,65.24240393208221
50,very_wide,76,4631691578,3500528663,True,4709.15884122297,1.1580572128295898,1186,True,4260.5725110028125,0.007850885391235352,4164,6.882733915431559,1.105287805585211,71.51777137367917
50,very_wide,77,1832593971,1400078353,True,5576.345218235958,4.4053709506988525,4571,True,5848.563285898472,0.03331398963928223,18297,30.261629283104067,0.9534555660329672,75.01776247472263
50,very_wide,78,2516924629,1883487759,True,12782.466323900919,9.263467073440552,9099,True,8487.288572024301,0.051325082778930664,28696,54.21918964607209,1.5060718408979672,68.29174797881238
50,very_wide,79,3489882356,3491013122,True,16701.161299078467,6.864432096481323,6803,True,14264.508003154036,0.03172898292541504,17999,7.088386700332918,1.1708193016811839,62.20345574754154
50,very_wide,80,3505689863,2105153066,True,18117.626751523643,15.577789783477783,15255,True,18146.519985960334,0.11566901206970215,64662,13.002274716490994,0.998407780970729,76.40809130555813
50,very_wide,81,3490991238,10115884297,False,0,0.0005660057067871094,0,True,8058.700280693966,0.0146331787109375,8191,-1,-1,100.0
50,very_wide,82,1832594075,3489257082,True,8776.587617349729,9.919650077819824,9524,True,8776.587617349729,0.06557011604309082,35451,6.859324121709812,1.0,73.13474937237314
50,very_wide,83,1480927624,2191994431,False,0,20.13270401954651,19944,True,6775.2128029039795,0.04163694381713867,22801,-1,-1,12.53015218630762
50,very_wide,84,2355854521,1957364523,True,22577.46397535221,17.728654146194458,17117,True,17343.716006890703,0.11233210563659668,61322,14.679596253911736,1.3017662400826977,72.08668993183522
50,very_wide,85,1280126363,12065060516,True,7211.119485223169,5.808193922042847,5503,True,5032.852216051462,0.03689980506896973,20996,55.067633118818314,1.4328097022647472,73.79024576109735
50,very_wide,86,1275274775,2169447682,False,0,0.00019598007202148438,0,True,5160.743235545743,0.03633928298950195,14725,-1,-1,100.0
50,very_wide,87,1835495789,5450241679,False,0,0.00025200843811035156,0,True,6589.661233572702,0.05775284767150879,32150,-1,-1,100.0
50,very_wide,88,5042508097,3488665239,True,2350.477053614569,0.931053876876831,907,True,2350.477053614569,0.003834962844848633,2292,0.0,1.0,60.42757417102966
50,very_wide,89,3498388295,1124354329,False,0,0.0002319812774658203,0,True,5764.636858519826,0.02990412712097168,16791,-1,-1,100.0
50,very_wide,90,1979266939,11347926989,False,0,0.00012612342834472656,0,True,3986.371998713856,0.01800227165222168,10156,-1,-1,100.0
50,very_wide,91,1273478057,11052131865,False,0,9.608268737792969e-05,0,True,5521.517183224158,0.05236101150512695,28855,-1,-1,100.0
50,very_wide,92,6098737553,3824958181,True,8521.651082002114,8.926882982254028,8564,True,7842.25792345377,0.07011795043945312,38775,26.11123596456304,1.0866323404789442,77.91360412637009
50,very_wide,93,12323021593,12854763032,True,10130.223927550545,11.710975885391235,11444,True,9099.711875562929,0.07818198204040527,42088,18.652653924048575,1.1132466682549624,72.80935183425204
50,very_wide,94,2115566297,1950493587,False,0,0.0015380382537841797,0,True,3939.679454469247,0.015249967575073242,8705,-1,-1,100.0
50,very_wide,95,3490877304,11850627647,False,0,20.75178599357605,19687,True,7752.258075303861,0.025636911392211914,14261,-1,-1,-38.04782273332865
50,very_wide,96,3318269307,3144158732,True,4104.534268239499,0.8450219631195068,852,True,4104.534268239499,0.003874063491821289,2219,3.486820098070245,1.0,61.604326273095985
50,very_wide,97,1931372210,1832349710,False,0,0.0005090236663818359,0,True,6917.771336875828,0.046504974365234375,25413,-1,-1,100.0
50,very_wide,98,6290088001,6072430239,False,0,20.824283838272095,19893,True,11162.64894542082,0.08579182624816895,45631,-1,-1,56.40463719839583
50,very_wide,99,2516868263,10636203372,False,0,0.0009870529174804688,0,True,3768.2669295074934,0.00848698616027832,4720,-1,-1,100.0
50,very_wide,100,2303826373,9469153932,True,5021.458803662884,4.729541063308716,4753,True,4249.140824382803,0.027158021926879883,15193,24.419684203397544,1.1817586216131732,68.71585598630948
150,tight,1,3479168346,1273357595,True,43496.20965907209,84.48941802978516,27501,True,43152.91766419638,0.12800002098083496,71961,0.8917767204461229,1.0079552441284994,61.78346604410723
150,tight,2,2167631058,3481893581,True,22472.053753363212,70.19819808006287,23241,True,22472.053753363212,0.11502909660339355,61773,1.7260953372274241,1.0,62.37676654849206
150,tight,3,1832593795,8514323209,True,3535.912141682475,5.315184831619263,1790,True,3535.912141682475,0.00851893424987793,4642,0.0,1.0,61.439034898750535
150,tight,4,3491107647,2236941346,True,22745.847466553732,78.56328701972961,25577,True,20391.001670862293,0.12094306945800781,67562,1.7053181798849577,1.1154845570463756,62.14292057665551
150,tight,5,913498558,1835407716,True,11424.35221595401,44.769412994384766,15107,True,11543.425949062115,0.06979680061340332,38864,0.0,0.9896847146043519,61.12855084396871
150,tight,6,2168022200,1835496063,True,6385.529247118542,26.31273603439331,9030,True,6385.529247118542,0.04369187355041504,24182,0.0,1.0,62.65817550243984
150,tight,7,8514323209,6094752669,True,3123.445754203857,6.604398012161255,2443,True,3123.445754203857,0.011259078979492188,6169,0.0,1.0,60.398768033716976
150,tight,8,1274031326,3479110325,True,38203.10212919813,132.34231805801392,27112,True,38141.90871180438,0.12547612190246582,70954,2.5132921972618587,1.0016043616971588,61.789328297206644
150,tight,9,3517744265,3487889166,True,23843.1146897165,68.65870523452759,22965,True,23559.36594958346,0.10921978950500488,62178,2.88253261585348,1.012043988821272,63.065714561420435
150,tight,10,2185027111,268301695,False,0,0.0007328987121582031,0,True,4619.871596220789,0.03505587577819824,19716,-1,-1,100.0
150,tight,11,10013324803,2169351529,True,10624.85039675918,46.820724964141846,15938,True,10152.10934614784,0.07305765151977539,40850,1.4518642055248978,1.0465657957861456,60.98408812729499
150,tight,12,8794963017,10901289719,True,9450.189632023046,622.1550509929657,16969,True,9094.873383307975,0.07888197898864746,43784,0.7285300057166982,1.0390677509999415,61.24383336378586
150,tight,13,3501694602,2342125810,True,8429.81015308947,888.1136589050293,4038,True,7901.157960904627,0.015075922012329102,8336,0.0,1.0669081917866525,51.559500959692905
150,tight,14,1278041265,3491353855,True,10964.03035187528,193.5653519630432,18241,True,10574.38173731274,0.09882187843322754,45394,1.7682515040047024,1.0368483590097402,59.81627527867119
150,tight,15,3488053123,5524355240,True,3340.584919288161,0.49651503562927246,206,True,3340.584919288161,0.0009071826934814453,441,12.294884383503637,1.0,53.287981859410436
150,tight,16,2599227046,2516912122,True,6037.232259257358,23.703017234802246,7001,True,6037.232259257358,0.03633403778076172,19095,0.0,1.0,63.33595181984813
150,tight,17,10944006998,3074602034,True,7339.701613983516,40.065725326538086,12028,True,7159.954913822352,0.05657219886779785,31359,0.0,1.025104445813501,61.64418508243248
150,tight,18,3535737813,1835407915,True,8550.692428291097,38.660686016082764,12522,True,8785.517344479193,0.05964183807373047,33219,0.0,0.9732713616079013,62.30470513862549
150,tight,19,1832500331,10113638861,True,6368.89971489041,22.55771803855896,7467,True,6368.89971489041,0.035917043685913086,20265,0.0,1.0,63.15321983715766
150,tight,20,10006667081,3925033990,True,3907.8653409337685,11.677628993988037,3990,True,3531.233524084723,0.016319990158081055,9271,0.0,1.1066572953276055,56.9625714593895
150,tight,21,4515109737,11064139368,True,6680.898738182687,32.580435276031494,11218,True,6662.158053345915,0.055139780044555664,30309,1.308312727590079,1.0028130051383817,62.98789138539708
150,tight,22,3479147682,7070924830,False,0,84.44542908668518,28315,True,63802.935593736765,0.13182902336120605,72322,-1,-1,60.84870440529853
150,tight,23,2519156446,977632822,True,2898.8331310202348,2.233675956726074,806,True,2898.8331310202348,0.004133939743041992,2329,0.0,1.0,65.39287247745813
150,tight,24,2857860458,11056068705,True,4653.951130585285,14.720125198364258,5159,True,4577.784409459445,0.024567127227783203,13538,0.0,1.0166383373075523,61.892450879007235
150,tight,25,5068744258,11189424498,True,2702.1358076288943,5.16286826133728,1831,True,2499.7792933633473,0.009083032608032227,5101,4.2295911894939,1.080949752165234,64.1050774357969
150,tight,26,3498359660,9999912987,True,10380.13462421327,55.0889949798584,18549,True,9348.442354768467,0.08620691299438477,47973,0.0,1.1103598043708913,61.33450065661935
150,tight,27,11977562724,3498398454,True,1612.6343155927375,0.9839639663696289,370,True,1612.6343155927375,0.0014109611511230469,829,0.0,1.0,55.36791314837153
150,tight,28,3497331305,11782247430,True,8782.25545295916,40.7729229927063,13570,True,8482.52259862475,0.06870508193969727,34823,4.978974374000724,1.0353353440382234,61.03150216810729
150,tight,29,3487075884,3495377502,True,17849.46666495783,58.06781482696533,19519,True,17719.650811959036,0.09285569190979004,52244,0.7029547715017,1.007326095439261,62.63877191639231
150,tight,30,12772267800,5075056399,True,8962.918253674343,40.96907711029053,13870,True,8671.480125660777,0.06672477722167969,36329,0.0,1.033608810005934,61.82113463073578
150,tight,31,268310357,3484264519,True,15283.145185966992,65.27257490158081,21952,True,12181.792292378419,0.09169888496398926,50493,0.0,1.254589211435574,56.524666785495015
150,tight,32,2097604343,9874143977,True,4463.9958043563,4.720983028411865,1684,True,4463.9958043563,0.0074079036712646484,4266,1.4587938159693952,1.0,60.52508204406939
150,tight,33,3079800856,10945732686,True,2850.276343831078,4.084737777709961,1497,True,2850.276343831078,0.006834983825683594,3835,0.0,1.0,60.96479791395046
150,tight,34,3500178997,2521404887,True,34231.921061192275,82.4348931312561,27328,True,34231.921061192275,0.13555407524108887,71456,1.133120958425501,1.0,61.75548589341693
150,tight,35,1931989766,3487796010,True,23897.323348414393,78.08133912086487,25902,True,23702.41753786974,0.12240791320800781,67925,0.0,1.0082230350652313,61.866764814133234
150,tight,36,1278980981,2516860150,True,3265.930931552578,4.5592241287231445,1685,True,3265.930931552578,0.012129068374633789,4242,0.0,1.0,60.27817067421029
150,tight,37,2516880342,3512815583,True,13123.171063259244,32.47927904129028,11041,True,13123.171063259244,0.0554959774017334,28861,4.266592308925202,1.0,61.74422230691937
150,tight,38,6354396888,3487058837,True,12660.744610537673,56.51034188270569,18944,True,12334.906235759785,0.08723092079162598,48294,1.980176560241301,1.0264159587880173,60.773595063568976
150,tight,39,12615277928,12311365439,True,5911.318615018172,16.977137088775635,5873,True,4237.3214108094235,0.023064136505126953,12751,0.0,1.3950602378045656,53.940867382950366
150,tight,40,11052131889,3487119302,True,12916.003506983958,63.618844985961914,21447,True,11678.174177617175,0.1041102409362793,54592,0.5041845544859982,1.1059951076718184,60.71402403282532
150,tight,41,10779882929,3489575020,True,20254.035019391897,72.43987488746643,24098,True,20248.02707110546,0.11466598510742188,64510,4.656263105634128,1.000296717713056,62.64455123236707
150,tight,42,1317084931,5053149016,True,8502.427308508271,32.162532806396484,10735,True,8002.133175212717,0.04879879951477051,27748,1.8142866055056093,1.0625200958720928,61.31252702897506
150,tight,43,3482124174,10956817020,True,15518.669665965956,61.07867693901062,20467,True,15278.397271634209,0.0970618724822998,53339,2.499499508432244,1.0157262826761178,61.62845197697744
150,tight,44,2302338802,10926041122,True,6690.050962497248,18.194971084594727,6174,True,6520.938491139169,0.027048826217651367,14928,4.475249698824858,1.0259337626919613,58.64147909967845
150,tight,45,4366629260,1278029480,True,1985.3397532844008,2.4945969581604004,857,True,1985.3397532844008,0.003972053527832031,2310,0.0,1.0,62.900432900432904
150,tight,46,1832500249,3488934335,True,3768.620588520475,7.165307283401489,2589,True,3048.9446121560472,0.006206989288330078,3424,0.0,1.2360410135018858,24.386682242990652
150,tight,47,2515049090,1882601483,False,0,0.00109100341796875,0,True,4479.489183448038,0.028059959411621094,15676,-1,-1,100.0
150,tight,48,5364240728,8626730293,True,2989.3445519182396,2.2908620834350586,865,True,2846.936178753612,0.003480195999145508,2039,11.489850356560954,1.050021624730265,57.57724374693477
150,tight,49,10302113554,3166114448,True,1769.1215378799773,2.9808640480041504,1079,True,1769.1215378799773,0.00462794303894043,2799,0.0,1.0,61.45051804215791
150,tight,50,9913833760,6084075960,True,4412.495704136756,10.773205041885376,3716,True,4407.24674216798,0.01853799819946289,9666,5.232073661185671,1.0011909843663969,61.55596937719843
150,tight,51,1124354005,1954497029,True,5518.9947643759915,15.475183963775635,5288,True,5070.12981589228,0.025658845901489258,14403,0.0,1.0885312535936946,63.285426647226274
150,tight,52,3484823241,2194418722,True,16062.399723279214,52.22205185890198,17519,True,16062.399723279214,0.08537912368774414,46751,2.414888676029372,1.0,62.527004769951446
150,tight,53,2331016912,1954532218,True,4081.272379834595,7.557635068893433,2623,True,3925.94031987883,0.00978994369506836,5650,0.0,1.0395655683223832,53.575221238938056
150,tight,54,5100066222,11529704183,True,15186.802574523197,64.95233726501465,21599,True,15048.441553964956,0.10908985137939453,56985,0.2611407297322349,1.0091943753818007,62.09704308151267
150,tight,55,12597531704,3504112995,False,0,85.11827301979065,28319,True,30143.4761474437,0.1236727237701416,69434,-1,-1,59.2145058616816
150,tight,56,3484443455,6089506432,True,10424.196234769715,65.61542797088623,21916,True,11138.192755323578,0.10230803489685059,56770,0.6604582791407635,0.935896555550935,61.39510304738418
150,tight,57,11007221469,728152153,True,6158.924721310814,23.457338094711304,8046,True,6158.924721310814,0.037782907485961914,21140,1.419193324552376,1.0,61.93945127719962
150,tight,58,977632825,1950365695,True,8069.794778971769,27.94130301475525,9547,True,7787.789844565952,0.043686866760253906,24332,0.0,1.0362111638904317,60.763603485122474
150,tight,59,1887596102,11027577102,True,7436.734532249425,27.20575499534607,9099,True,6908.781869055859,0.041893959045410156,23125,2.1583209929317855,1.0764176193719828,60.652972972972975
150,tight,60,1835462250,10962868704,True,7189.120037915164,38.555596113204956,13129,True,7266.496643360606,0.06190776824951172,33051,0.725166124851781,0.9893515941390902,60.27654231339446
150,tight,61,1489359102,9999077133,True,2691.289142501676,3.8637290000915527,1335,True,2690.4380285619272,0.006328105926513672,3578,0.0,1.0003163477213426,62.68865287870319
150,tight,62,2516767938,3487964537,True,1759.9550648068823,0.9549241065979004,372,True,1759.9550648068823,0.0016379356384277344,849,0.0,1.0,56.18374558303887
150,tight,63,3495873461,2169181533,True,9262.579532578255,61.332854986190796,20592,True,9591.714548408707,0.09637093544006348,53091,0.7432861097091441,0.9656854867636718,61.213765044922866
150,tight,64,2521929457,7940914786,True,4504.1379791057025,13.443575859069824,4626,True,4504.1379791057025,0.021503925323486328,12111,0.0,1.0,61.80331929650731
150,tight,65,1835407695,3487210686,True,9452.465800299044,40.13809418678284,13603,True,8121.952377266135,0.06509995460510254,32385,4.284210125554601,1.1638169446495525,57.995985795893155
150,tight,66,3092593576,2039616841,True,3367.430281246503,6.7773120403289795,2475,True,3367.430281246503,0.013966083526611328,7487,0.0,1.0,66.94270068118071
150,tight,67,3544247345,3512649781,True,29210.483487971123,53.346571922302246,18028,True,29210.483487971123,0.08413481712341309,47375,1.8332316139801372,1.0,61.9461741424802
150,tight,68,11107126643,2093231601,True,6421.497061673268,27.310373783111572,9345,True,5694.584439160986,0.040780067443847656,22647,0.0,1.1276498101447736,58.73625645780898
150,tight,69,2085592141,2172903345,True,6906.4831474542325,31.6179940700531,10841,True,4695.6842103856825,0.04199719429016113,22675,0.0,1.4708150799789335,52.1896361631753
150,tight,70,3567339063,6091848381,True,2789.331875342636,4.16461706161499,1541,True,2789.331875342636,0.007809162139892578,3944,0.0,1.0,60.927991886409735
150,tight,71,3491211765,11939650698,True,26072.025481344237,76.44256615638733,25518,True,25860.85071583444,0.12613511085510254,66608,0.0,1.008165808922152,61.68928657218352
150,tight,72,1124430100,2516891951,True,5594.927288753792,12.079759120941162,4232,True,5544.630596600247,0.01948094367980957,10432,1.3042678226423374,1.0090712431202151,59.43251533742331
150,tight,73,2552348289,3504190682,True,11753.075954301272,48.37808680534363,16275,True,10178.563503392525,0.08416223526000977,40632,0.0,1.1546890629885014,59.94536326048434
150,tight,74,3491211767,10749874175,True,22536.47792514185,76.0193841457367,25207,True,21613.690385195045,0.11591720581054688,65787,4.097290148802901,1.042694584936726,61.68391931536625
150,tight,75,1880051628,2523861482,True,6714.570804972048,17.054967880249023,5912,True,6714.570804972048,0.03236579895019531,17904,0.6431739470465364,1.0,66.97944593386953
150,tight,76,4631691578,3500528663,True,4709.15884122297,4.94580078125,1795,True,4260.5725110028125,0.007850885391235352,4164,3.13660221372614,1.105287805585211,56.8924111431316
150,tight,77,1832593971,1400078353,True,5848.563285898472,20.169614791870117,6943,True,5848.563285898472,0.03331398963928223,18297,0.0,1.0,62.053888615620046
150,tight,78,2516924629,1883487759,True,8487.288572024301,32.18973779678345,10895,True,8487.288572024301,0.051325082778930664,28696,0.0,1.0,62.03303596320045
150,tight,79,3489882356,3491013122,True,14617.661392891523,20.166802883148193,6931,True,14264.508003154036,0.03172898292541504,17999,0.0,1.0247574882820634,61.492305128062675
150,tight,80,3505689863,2105153066,True,18344.69823552601,73.85943603515625,24602,True,18146.519985960334,0.11566901206970215,64662,0.0,1.0109210057751572,61.952924437846036
150,tight,81,3490991238,10115884297,True,8058.700280693966,9.55104684829712,3361,True,8058.700280693966,0.0146331787109375,8191,0.0,1.0,58.96715907703577
150,tight,82,1832594075,3489257082,True,9147.916813801805,41.656596183776855,14091,True,8776.587617349729,0.06557011604309082,35451,4.240190197519287,1.0423090627749245,60.25217906406025
150,tight,83,1480927624,2191994431,True,7182.520808570951,28.142732858657837,9688,True,6775.2128029039795,0.04163694381713867,22801,0.0,1.0601173745409727,57.51063549844305
150,tight,84,2355854521,1957364523,True,18261.08002276306,69.42076396942139,23275,True,17343.716006890703,0.11233210563659668,61322,1.3728930425657646,1.05289316404327,62.04461694008676
150,tight,85,1280126363,12065060516,False,0,0.0014710426330566406,0,True,5032.852216051462,0.03689980506896973,20996,-1,-1,100.0
150,tight,86,1275274775,2169447682,True,5460.733856674821,18.848119020462036,6421,True,5160.743235545743,0.03633928298950195,14725,0.0,1.0581293444445807,56.39388794567063
150,tight,87,1835495789,5450241679,True,6628.768279767921,39.485233783721924,13298,True,6589.661233572702,0.05775284767150879,32150,1.7241407939460047,1.0059346064705084,58.63763608087091
150,tight,88,5042508097,3488665239,True,2350.477053614569,2.537465810775757,923,True,2350.477053614569,0.003834962844848633,2292,0.0,1.0,59.72949389179756
150,tight,89,3498388295,1124354329,True,5962.692084227136,20.58445429801941,6947,True,5764.636858519826,0.02990412712097168,16791,0.0,1.0343569301186066,58.6266452266095
150,tight,90,1979266939,11347926989,True,3986.371998713856,11.580111980438232,3954,True,3986.371998713856,0.01800227165222168,10156,0.0,1.0,61.067349350137846
150,tight,91,1273478057,11052131865,True,6360.934523906801,37.77957034111023,12798,True,5521.517183224158,0.05236101150512695,28855,0.0,1.1520265740063287,55.64720152486571
150,tight,92,6098737553,3824958181,True,8187.911953819054,45.377532958984375,15373,True,7842.25792345377,0.07011795043945312,38775,0.8408427869611382,1.0440758304227078,60.35332043842683
150,tight,93,12323021593,12854763032,True,9099.711875562929,46.358185052871704,15670,True,9099.711875562929,0.07818198204040527,42088,0.7156324906721783,1.0,62.76848507888234
150,tight,94,2115566297,1950493587,True,3939.679454469247,9.140641927719116,3131,True,3939.679454469247,0.015249967575073242,8705,0.0,1.0,64.03216542217116
150,tight,95,3490877304,11850627647,True,7752.258075303861,16.18262815475464,5594,True,7752.258075303861,0.025636911392211914,14261,0.0,1.0,60.77413926092139
150,tight,96,3318269307,3144158732,True,4104.534268239499,2.5646779537200928,913,True,4104.534268239499,0.003874063491821289,2219,0.0,1.0,58.85534024335286
150,tight,97,1931372210,1832349710,True,7186.383669290418,31.086201190948486,10227,True,6917.771336875828,0.046504974365234375,25413,3.668728205928685,1.0388293164566929,59.75681737693306
150,tight,98,6290088001,6072430239,True,11144.943746400848,51.62664532661438,17459,True,11162.64894542082,0.08579182624816895,45631,0.0,0.9984138891130107,61.73873024917271
150,tight,99,2516868263,10636203372,True,3768.2669295074934,5.406927824020386,1911,True,3768.2669295074934,0.00848698616027832,4720,0.0,1.0,59.51271186440679
150,tight,100,2303826373,9469153932,False,0,0.0003459453582763672,0,True,4249.140824382803,0.027158021926879883,15193,-1,-1,100.0
150,standard,1,3479168346,1273357595,True,43700.64732312603,79.02913093566895,26502,True,43152.91766419638,0.12800002098083496,71961,0.0,1.0126927607350198,63.171718013924206
150,standard,2,2167631058,3481893581,True,22643.20715900514,67.20582914352417,22476,True,22472.053753363212,0.11502909660339355,61773,0.9573114320924725,1.0076162778676296,63.61517167694623
150,standard,3,1832593795,8514323209,True,3535.912141682475,4.852687835693359,1732,True,3535.912141682475,0.00851893424987793,4642,0.0,1.0,62.68849633778544
150,standard,4,3491107647,2236941346,True,23083.29264457372,72.84736800193787,24357,True,20391.001670862293,0.12094306945800781,67562,1.0984825412979022,1.1320332868962772,63.948669370356114
150,standard,5,913498558,1835407716,True,11459.657175991011,41.11258506774902,14037,True,11543.425949062115,0.06979680061340332,38864,2.7552903978626784,0.9927431619139109,63.88174145738987
150,standard,6,2168022200,1835496063,True,6385.529247118542,24.84808897972107,8522,True,6385.529247118542,0.04369187355041504,24182,3.9814519728740034,1.0,64.75891158713092
150,standard,7,8514323209,6094752669,True,3123.445754203857,6.385108947753906,2363,True,3123.445754203857,0.011259078979492188,6169,0.0,1.0,61.695574647430696
150,standard,8,1274031326,3479110325,True,39699.742672761015,78.37374091148376,26262,True,38141.90871180438,0.12547612190246582,70954,3.0091539620558714,1.040843104437364,62.98728753840517
150,standard,9,3517744265,3487889166,True,24310.11211544829,66.83223390579224,22411,True,23559.36594958346,0.10921978950500488,62178,3.5827589816259455,1.031866144762614,63.956704943870825
150,standard,10,2185027111,268301695,False,0,0.0008499622344970703,0,True,4619.871596220789,0.03505587577819824,19716,-1,-1,100.0
150,standard,11,10013324803,2169351529,True,10643.680064033872,44.204952001571655,15060,True,10152.10934614784,0.07305765151977539,40850,6.71642794339546,1.0484205499690127,63.133414932680544
150,standard,12,8794963017,10901289719,True,9457.448956207056,47.36623787879944,16054,True,9094.873383307975,0.07888197898864746,43784,3.5711664960782104,1.0398659285971505,63.333637858578484
150,standard,13,3501694602,2342125810,True,8429.81015308947,10.751276016235352,3825,True,7901.157960904627,0.015075922012329102,8336,0.0,1.0669081917866525,54.11468330134357
150,standard,14,1278041265,3491353855,True,11159.178570155984,52.18354511260986,17592,True,10574.38173731274,0.09882187843322754,45394,2.3939624635002152,1.0553031701872206,61.24597964488699
150,standard,15,3488053123,5524355240,False,0,0.0006830692291259766,0,True,3340.584919288161,0.0009071826934814453,441,-1,-1,100.0
150,standard,16,2599227046,2516912122,True,6086.077351779084,18.65669012069702,6430,True,6037.232259257358,0.03633403778076172,19095,0.0,1.008090643265683,66.3262634197434
150,standard,17,10944006998,3074602034,True,7499.667157037411,32.540658950805664,11140,True,7159.954913822352,0.05657219886779785,31359,0.0,1.0474461427905422,64.47590803278166
150,standard,18,3535737813,1835407915,True,8557.611233474337,33.700170040130615,11492,True,8785.517344479193,0.05964183807373047,33219,0.0,0.9740588855421165,65.40534031728829
150,standard,19,1832500331,10113638861,True,6399.65924341385,21.213690042495728,7088,True,6368.89971489041,0.035917043685913086,20265,9.478397131288242,1.0048296456060573,65.0234394275845
150,standard,20,10006667081,3925033990,True,4304.032514096299,11.756170272827148,3996,True,3531.233524084723,0.016319990158081055,9271,10.985560195416927,1.2188467527680378,56.89785352173444
150,standard,21,4515109737,11064139368,True,6765.358848846778,31.682999849319458,10874,True,6662.158053345915,0.055139780044555664,30309,3.5639170713298314,1.015490595490906,64.12286779504437
150,standard,22,3479147682,7070924830,False,0,81.03418183326721,27209,True,63802.935593736765,0.13182902336120605,72322,-1,-1,62.37797627278007
150,standard,23,2519156446,977632822,False,0,0.001544952392578125,0,True,2898.8331310202348,0.004133939743041992,2329,-1,-1,100.0
150,standard,24,2857860458,11056068705,False,0,0.0005159378051757812,0,True,4577.784409459445,0.024567127227783203,13538,-1,-1,100.0
150,standard,25,5068744258,11189424498,True,2956.71608031379,5.326629877090454,1865,True,2499.7792933633473,0.009083032608032227,5101,0.0,1.182790852041843,63.43854146245834
150,standard,26,3498359660,9999912987,True,11788.409279250911,52.18223309516907,17615,True,9348.442354768467,0.08620691299438477,47973,2.8650281857979945,1.2610025105666787,63.28142913722302
150,standard,27,11977562724,3498398454,True,1612.6343155927375,0.925835132598877,347,True,1612.6343155927375,0.0014109611511230469,829,0.0,1.0,58.14234016887816
150,standard,28,3497331305,11782247430,True,9142.398134226107,38.90269494056702,12933,True,8482.52259862475,0.06870508193969727,34823,14.079110497810973,1.077792369891044,62.86075295063607
150,standard,29,3487075884,3495377502,True,17961.41117277956,59.18435001373291,18993,True,17719.650811959036,0.09285569190979004,52244,1.321421216327559,1.0136436300797396,63.64558609601103
150,standard,30,12772267800,5075056399,True,8903.624916208108,41.513599157333374,13211,True,8671.480125660777,0.06672477722167969,36329,4.337576734236526,1.0267710687429663,63.63511244460349
150,standard,31,268310357,3484264519,True,12670.745508535441,56.83269500732422,18763,True,12181.792292378419,0.09169888496398926,50493,7.0329997568561,1.040138035883516,62.8403937179411
150,standard,32,2097604343,9874143977,True,5545.712910702829,5.032268762588501,1730,True,4463.9958043563,0.0074079036712646484,4266,0.0,1.2423203680637218,59.44678856071262
150,standard,33,3079800856,10945732686,True,2850.276343831078,3.6074788570404053,1286,True,2850.276343831078,0.006834983825683594,3835,0.754573535832789,1.0,66.46675358539765
150,standard,34,3500178997,2521404887,True,34436.35872524622,80.83989000320435,26299,True,34231.921061192275,0.13555407524108887,71456,0.0,1.0059721352970081,63.19553291536051
150,standard,35,1931989766,3487796010,True,24005.846056610542,74.98976516723633,24819,True,23702.41753786974,0.12240791320800781,67925,1.4069124983610408,1.0128015852499437,63.46117040853883
150,standard,36,1278980981,2516860150,False,0,0.001592874526977539,0,True,3265.930931552578,0.012129068374633789,4242,-1,-1,100.0
150,standard,37,2516880342,3512815583,True,13602.348177893595,32.6741099357605,11116,True,13123.171063259244,0.0554959774017334,28861,0.0,1.036513820655428,61.484356051418864
150,standard,38,6354396888,3487058837,True,12625.735119310539,56.72670888900757,17517,True,12334.906235759785,0.08723092079162598,48294,7.385143374033648,1.0235777133601243,63.728413467511494
150,standard,39,12615277928,12311365439,True,5940.334172476665,16.46294093132019,5445,True,4237.3214108094235,0.023064136505126953,12751,0.0,1.401907855590763,57.29746686534389
150,standard,40,11052131889,3487119302,True,13129.353966162571,62.83328294754028,20511,True,11678.174177617175,0.1041102409362793,54592,4.741585989730996,1.1242642699512722,62.42856096131302
150,standard,41,10779882929,3489575020,True,20842.407976586885,71.3231770992279,23440,True,20248.02707110546,0.11466598510742188,64510,1.852960383958346,1.0293550034970875,63.66454813207254
150,standard,42,1317084931,5053149016,True,8677.650466171686,30.85603904724121,10280,True,8002.133175212717,0.04879879951477051,27748,0.0,1.0844171517979033,62.952284849358506
150,standard,43,3482124174,10956817020,True,15688.939427058325,58.82565927505493,19621,True,15278.397271634209,0.0970618724822998,53339,1.6162082901539299,1.0268707605991059,63.21453345582032
150,standard,44,2302338802,10926041122,True,7047.41391264331,17.96011996269226,6062,True,6520.938491139169,0.027048826217651367,14928,10.327208142962425,1.0807361428450108,59.39174705251875
150,standard,45,4366629260,1278029480,True,1985.3397532844008,2.4299159049987793,825,True,1985.3397532844008,0.003972053527832031,2310,0.0,1.0,64.28571428571428
150,standard,46,1832500249,3488934335,True,3768.620588520475,6.878554105758667,2467,True,3048.9446121560472,0.006206989288330078,3424,0.0,1.2360410135018858,27.94976635514018
150,standard,47,2515049090,1882601483,False,0,0.001058816909790039,0,True,4479.489183448038,0.028059959411621094,15676,-1,-1,100.0
150,standard,48,5364240728,8626730293,True,3663.7964383815806,2.8747079372406006,1055,True,2846.936178753612,0.003480195999145508,2039,6.085813997273471,1.2869260876742203,48.258950465914666
150,standard,49,10302113554,3166114448,True,1769.1215378799773,2.7879202365875244,1006,True,1769.1215378799773,0.00462794303894043,2799,0.0,1.0,64.0585923544123
150,standard,50,9913833760,6084075960,True,4424.030321800607,9.867130756378174,3424,True,4407.24674216798,0.01853799819946289,9666,9.102828691127561,1.0038081778975623,64.57686737016346
150,standard,51,1124354005,1954497029,True,5518.9947643759915,14.917629957199097,5061,True,5070.12981589228,0.025658845901489258,14403,0.0,1.0885312535936946,64.8614871901687
150,standard,52,3484823241,2194418722,True,16266.837387333158,50.28237223625183,16842,True,16062.399723279214,0.08537912368774414,46751,0.0,1.0127277161305888,63.97510213685269
150,standard,53,2331016912,1954532218,True,4081.272379834595,7.002547979354858,2427,True,3925.94031987883,0.00978994369506836,5650,6.545668148111229,1.0395655683223832,57.044247787610615
150,standard,54,5100066222,11529704183,False,0,0.0005471706390380859,0,True,15048.441553964956,0.10908985137939453,56985,-1,-1,100.0
150,standard,55,12597531704,3504112995,False,0,81.70452308654785,27254,True,30143.4761474437,0.1236727237701416,69434,-1,-1,60.7483365498171
150,standard,56,3484443455,6089506432,False,0,0.0011930465698242188,0,True,11138.192755323578,0.10230803489685059,56770,-1,-1,100.0
150,standard,57,11007221469,728152153,True,6210.458449621789,22.725589990615845,7830,True,6158.924721310814,0.037782907485961914,21140,0.0,1.0083673255710792,62.96121097445601
150,standard,58,977632825,1950365695,True,8069.794778971769,26.562176942825317,9021,True,7787.789844565952,0.043686866760253906,24332,0.0,1.0362111638904317,62.925365773467036
150,standard,59,1887596102,11027577102,True,8092.759010778673,26.442479133605957,8666,True,6908.781869055859,0.041893959045410156,23125,4.293092676853473,1.1713727780328103,62.52540540540541
150,standard,60,1835462250,10962868704,True,7478.813062964988,36.702414989471436,12283,True,7266.496643360606,0.06190776824951172,33051,2.6589141703306343,1.0292185395555609,62.83622280717679
150,standard,61,1489359102,9999077133,True,1832.7484440759654,3.8184800148010254,1294,True,2690.4380285619272,0.006328105926513672,3578,0.0,0.6812081990439276,63.83454443823364
150,standard,62,2516767938,3487964537,True,1759.9550648068823,0.9548439979553223,362,True,1759.9550648068823,0.0016379356384277344,849,0.0,1.0,57.36160188457009
150,standard,63,3495873461,2169181533,True,9269.83885676227,60.07157278060913,19554,True,9591.714548408707,0.09637093544006348,53091,3.643442499125919,0.9664423195642496,63.16889868339266
150,standard,64,2521929457,7940914786,True,4504.1379791057025,12.65860915184021,4211,True,4504.1379791057025,0.021503925323486328,12111,0.0,1.0,65.22995623813063
150,standard,65,1835407695,3487210686,True,9888.081863261184,41.254427909851074,13682,True,8121.952377266135,0.06509995460510254,32385,6.110633435595688,1.2174513471586659,57.75204570016983
150,standard,66,3092593576,2039616841,True,3591.4725981351135,7.005357980728149,2425,True,3367.430281246503,0.013966083526611328,7487,19.639217858754417,1.066532132271994,67.61052490984373
150,standard,67,3544247345,3512649781,True,30121.462703832465,51.953195095062256,17387,True,29210.483487971123,0.08413481712341309,47375,0.0,1.0311867215835877,63.29920844327177
150,standard,68,11107126643,2093231601,True,6421.497061673268,26.043293952941895,8804,True,5694.584439160986,0.040780067443847656,22647,0.0,1.1276498101447736,61.12509383141255
150,standard,69,2085592141,2172903345,False,0,0.0014438629150390625,0,True,4695.6842103856825,0.04199719429016113,22675,-1,-1,100.0
150,standard,70,3567339063,6091848381,True,2789.331875342636,3.973886013031006,1468,True,2789.331875342636,0.007809162139892578,3944,0.0,1.0,62.77890466531439
150,standard,71,3491211765,11939650698,True,25076.459529004,73.27716207504272,24339,True,25860.85071583444,0.12613511085510254,66608,5.414840001964895,0.9696687786705268,63.45934422291617
150,standard,72,1124430100,2516891951,True,5800.300113554536,11.993713855743408,4168,True,5544.630596600247,0.01948094367980957,10432,3.7818363750848154,1.046111190366957,60.04601226993864
150,standard,73,2552348289,3504190682,True,11753.075954301272,45.813924074172974,15201,True,10178.563503392525,0.08416223526000977,40632,2.051478097208536,1.1546890629885014,62.5886001181335
150,standard,74,3491211767,10749874175,True,24007.92683935289,73.91366195678711,24325,True,21613.690385195045,0.11591720581054688,65787,1.6445262851483344,1.1107740701142759,63.02460972532566
150,standard,75,1880051628,2523861482,True,6542.4068114029815,15.958062171936035,5477,True,6714.570804972048,0.03236579895019531,17904,0.0,0.974359642846929,69.40907059874888
150,standard,76,4631691578,3500528663,True,4739.1314929800465,5.0867531299591064,1842,True,4260.5725110028125,0.007850885391235352,4164,0.0,1.1123226938965054,55.763688760806915
150,standard,77,1832593971,1400078353,True,5848.563285898472,20.68027400970459,6566,True,5848.563285898472,0.03331398963928223,18297,0.0,1.0,64.11433568344538
150,standard,78,2516924629,1883487759,True,8624.821293059398,32.29646110534668,10575,True,8487.288572024301,0.051325082778930664,28696,4.3129123069730735,1.016204553417499,63.148173961527746
150,standard,79,3489882356,3491013122,False,0,86.85567808151245,27256,True,14264.508003154036,0.03172898292541504,17999,-1,-1,-51.430635035279735
150,standard,80,3505689863,2105153066,True,18332.90753073816,72.64761972427368,23684,True,18146.519985960334,0.11566901206970215,64662,5.062716811501073,1.010271255586307,63.3726145185735
150,standard,81,3490991238,10115884297,True,8058.700280693966,9.481791019439697,3296,True,8058.700280693966,0.0146331787109375,8191,0.0,1.0,59.7607129776584
150,standard,82,1832594075,3489257082,True,9352.354477855752,40.4891562461853,13416,True,8776.587617349729,0.06557011604309082,35451,0.0,1.065602587885961,62.15621562156215
150,standard,83,1480927624,2191994431,True,7820.088509979302,30.399937868118286,10254,True,6775.2128029039795,0.04163694381713867,22801,1.9369710227896157,1.1542203525515051,55.02828823297223
150,standard,84,2355854521,1957364523,True,18432.29086909379,69.66667795181274,22424,True,17343.716006890703,0.11233210563659668,61322,4.980397050257915,1.0627647997563263,63.43237337334073
150,standard,85,1280126363,12065060516,False,0,0.0019190311431884766,0,True,5032.852216051462,0.03689980506896973,20996,-1,-1,100.0
150,standard,86,1275274775,2169447682,True,5460.733856674821,16.512205839157104,5526,True,5160.743235545743,0.03633928298950195,14725,1.802470611162381,1.0581293444445807,62.47198641765704
150,standard,87,1835495789,5450241679,True,7420.205540640638,37.69423723220825,12395,True,6589.661233572702,0.05775284767150879,32150,8.921089988292728,1.126037481689729,61.44634525660963
150,standard,88,5042508097,3488665239,True,2350.477053614569,2.5230870246887207,906,True,2350.477053614569,0.003834962844848633,2292,0.0,1.0,60.47120418848168
150,standard,89,3498388295,1124354329,True,6124.625345813879,21.168713808059692,7038,True,5764.636858519826,0.02990412712097168,16791,4.945267220940924,1.0624477302090607,58.084688225835265
150,standard,90,1979266939,11347926989,True,3986.371998713856,11.121262073516846,3623,True,3986.371998713856,0.01800227165222168,10156,5.016779938750028,1.0,64.32650649862151
150,standard,91,1273478057,11052131865,True,6477.829674711603,39.71837592124939,12099,True,5521.517183224158,0.05236101150512695,28855,4.3965089234407815,1.1731974129127005,58.06965863801767
150,standard,92,6098737553,3824958181,True,8195.17127800307,48.84865689277649,14359,True,7842.25792345377,0.07011795043945312,38775,2.889934628849773,1.0450014980371718,62.96840747904577
150,standard,93,12323021593,12854763032,True,9313.06233474154,49.59038996696472,15108,True,9099.711875562929,0.07818198204040527,42088,3.6265326738751815,1.0234458477472852,64.10378255084585
150,standard,94,2115566297,1950493587,True,3939.679454469247,8.926841259002686,2919,True,3939.679454469247,0.015249967575073242,8705,0.0,1.0,66.46754738655945
150,standard,95,3490877304,11850627647,True,7752.258075303861,18.240668058395386,5354,True,7752.258075303861,0.025636911392211914,14261,0.0,1.0,62.45705069770704
150,standard,96,3318269307,3144158732,True,4104.534268239499,2.6830060482025146,908,True,4104.534268239499,0.003874063491821289,2219,0.0,1.0,59.0806669671023
150,standard,97,1931372210,1832349710,True,7868.5644687213135,30.707563877105713,9565,True,6917.771336875828,0.046504974365234375,25413,9.47518887863853,1.137442116188084,62.361783339235835
150,standard,98,6290088001,6072430239,True,11283.05998467034,52.08412194252014,16461,True,11162.64894542082,0.08579182624816895,45631,8.136102014759675,1.0107869592458083,63.92583988954876
150,standard,99,2516868263,10636203372,True,3768.2669295074934,5.227023124694824,1802,True,3768.2669295074934,0.00848698616027832,4720,0.0,1.0,61.82203389830509
150,standard,100,2303826373,9469153932,False,0,0.00034499168395996094,0,True,4249.140824382803,0.027158021926879883,15193,-1,-1,100.0
150,wide,1,3479168346,1273357595,True,44605.830314943945,71.63357400894165,22269,True,43152.91766419638,0.12800002098083496,71961,5.494115075558141,1.033668932007187,69.05407095510068
150,wide,2,2167631058,3481893581,True,24054.91971953099,60.84133505821228,19539,True,22472.053753363212,0.11502909660339355,61773,2.001444526303376,1.07043708525888,68.36967607207032
150,wide,3,1832593795,8514323209,True,3839.642893311953,3.4000132083892822,1177,True,3535.912141682475,0.00851893424987793,4642,12.360973709405913,1.085898840089662,74.64454976303317
150,wide,4,3491107647,2236941346,True,21794.92721671732,69.42423892021179,20526,True,20391.001670862293,0.12094306945800781,67562,8.46523740990737,1.0688502491695229,69.61901660696842
150,wide,5,913498558,1835407716,True,11175.536130356591,37.90892791748047,11059,True,11543.425949062115,0.06979680061340332,38864,10.130821683332684,0.9681299277763016,71.5443598188555
150,wide,6,2168022200,1835496063,True,6748.383992198531,19.084022045135498,6027,True,6385.529247118542,0.04369187355041504,24182,19.433724340129107,1.0568245373308292,75.07650318418658
150,wide,7,8514323209,6094752669,True,3123.445754203857,5.674357891082764,1884,True,3123.445754203857,0.011259078979492188,6169,19.359765833185463,1.0,69.46020424704167
150,wide,8,1274031326,3479110325,True,40961.84515351578,72.17981791496277,22048,True,38141.90871180438,0.12547612190246582,70954,6.761544892757057,1.0739327563027454,68.9263466471235
150,wide,9,3517744265,3487889166,False,0,0.0016651153564453125,0,True,23559.36594958346,0.10921978950500488,62178,-1,-1,100.0
150,wide,10,2185027111,268301695,False,0,0.0005562305450439453,0,True,4619.871596220789,0.03505587577819824,19716,-1,-1,100.0
150,wide,11,10013324803,2169351529,False,0,0.0004978179931640625,0,True,10152.10934614784,0.07305765151977539,40850,-1,-1,100.0
150,wide,12,8794963017,10901289719,True,10259.929137587018,40.62079191207886,13107,True,9094.873383307975,0.07888197898864746,43784,15.484835288987286,1.128100272007887,70.06440708934771
150,wide,13,3501694602,2342125810,True,11277.011543907636,17.97101378440857,6022,True,7901.157960904627,0.015075922012329102,8336,9.355638329732724,1.427260611635272,27.759117082533592
150,wide,14,1278041265,3491353855,True,12023.38375950459,47.04373097419739,15191,True,10574.38173731274,0.09882187843322754,45394,14.195838977993954,1.1370294791873177,66.53522491959289
150,wide,15,3488053123,5524355240,False,0,0.0012068748474121094,0,True,3340.584919288161,0.0009071826934814453,441,-1,-1,100.0
150,wide,16,2599227046,2516912122,False,0,0.0004019737243652344,0,True,6037.232259257358,0.03633403778076172,19095,-1,-1,100.0
150,wide,17,10944006998,3074602034,True,7499.667157037411,25.13548517227173,8210,True,7159.954913822352,0.05657219886779785,31359,8.062914943805472,1.0474461427905422,73.81931821805543
150,wide,18,3535737813,1835407915,True,8557.611233474337,24.947951078414917,8391,True,8785.517344479193,0.05964183807373047,33219,17.884807068875503,0.9740588855421165,74.74035943285469
150,wide,19,1832500331,10113638861,False,0,0.001615285873413086,0,True,6368.89971489041,0.035917043685913086,20265,-1,-1,100.0
150,wide,20,10006667081,3925033990,True,4245.37210358607,9.435955047607422,3148,True,3531.233524084723,0.016319990158081055,9271,20.150899420311497,1.2022348775946354,66.04465537698199
150,wide,21,4515109737,11064139368,True,7274.5972430147785,23.49577784538269,7983,True,6662.158053345915,0.055139780044555664,30309,16.387063521306704,1.0919280486540364,73.66128872612096
150,wide,22,3479147682,7070924830,False,0,0.2038121223449707,77,True,63802.935593736765,0.13182902336120605,72322,-1,-1,99.8935317054285
150,wide,23,2519156446,977632822,False,0,0.0005831718444824219,0,True,2898.8331310202348,0.004133939743041992,2329,-1,-1,100.0
150,wide,24,2857860458,11056068705,False,0,0.0004811286926269531,0,True,4577.784409459445,0.024567127227783203,13538,-1,-1,100.0
150,wide,25,5068744258,11189424498,True,2956.71608031379,4.029484033584595,1370,True,2499.7792933633473,0.009083032608032227,5101,15.482058466648848,1.182790852041843,73.14252107429915
150,wide,26,3498359660,9999912987,True,14306.566856775118,44.66399526596069,14742,True,9348.442354768467,0.08620691299438477,47973,11.611782539241105,1.5303690512117887,69.2702144956538
150,wide,27,11977562724,3498398454,True,1612.6343155927375,0.8428530693054199,307,True,1612.6343155927375,0.0014109611511230469,829,0.0,1.0,62.96743063932448
150,wide,28,3497331305,11782247430,True,10470.33728931905,34.21340990066528,11230,True,8482.52259862475,0.06870508193969727,34823,46.64537035212767,1.2343423984530946,67.75119892025386
150,wide,29,3487075884,3495377502,True,18872.66250605517,47.46615791320801,15082,True,17719.650811959036,0.09285569190979004,52244,3.2374696350229915,1.0650696622823945,71.13161319960186
150,wide,30,12772267800,5075056399,True,9244.611941135738,35.66118502616882,11413,True,8671.480125660777,0.06672477722167969,36329,29.13000289812541,1.0660938856077107,68.58432657105892
150,wide,31,268310357,3484264519,True,15528.080075608548,55.07695198059082,17399,True,12181.792292378419,0.09169888496398926,50493,18.80063650120442,1.2746958495855938,65.54175826352167
150,wide,32,2097604343,9874143977,True,5545.712910702829,5.156642198562622,1398,True,4463.9958043563,0.0074079036712646484,4266,17.00021965365145,1.2423203680637218,67.22925457102673
150,wide,33,3079800856,10945732686,False,0,0.0013778209686279297,0,True,2850.276343831078,0.006834983825683594,3835,-1,-1,100.0
150,wide,34,3500178997,2521404887,False,0,0.00078582763671875,0,True,34231.921061192275,0.13555407524108887,71456,-1,-1,100.0
150,wide,35,1931989766,3487796010,True,25125.58590587836,72.34972167015076,20403,True,23702.41753786974,0.12240791320800781,67925,5.895241179801099,1.060043173475229,69.96245859403754
150,wide,36,1278980981,2516860150,False,0,0.0037403106689453125,0,True,3265.930931552578,0.012129068374633789,4242,-1,-1,100.0
150,wide,37,2516880342,3512815583,True,15646.925190288775,37.21709704399109,11469,True,13123.171063259244,0.0554959774017334,28861,5.365883909520444,1.1923128270494965,60.26125220886317
150,wide,38,6354396888,3487058837,True,13981.134931267878,45.68949294090271,14187,True,12334.906235759785,0.08723092079162598,48294,12.923862469807467,1.1334609817086048,70.6236799602435
150,wide,39,12615277928,12311365439,False,0,0.0013191699981689453,0,True,4237.3214108094235,0.023064136505126953,12751,-1,-1,100.0
150,wide,40,11052131889,3487119302,True,13232.74036792665,52.522911071777344,16591,True,11678.174177617175,0.1041102409362793,54592,19.55716816650169,1.1331172293430094,69.60910023446658
150,wide,41,10779882929,3489575020,True,22417.924883201435,62.57632279396057,19757,True,20248.02707110546,0.11466598510742188,64510,13.169883135457997,1.1071658885320477,69.37374050534801
150,wide,42,1317084931,5053149016,False,0,0.0013790130615234375,0,True,8002.133175212717,0.04879879951477051,27748,-1,-1,100.0
150,wide,43,3482124174,10956817020,True,16294.86844663544,47.42998790740967,15283,True,15278.397271634209,0.0970618724822998,53339,10.8287399894979,1.066529961024669,71.34741933669548
150,wide,44,2302338802,10926041122,True,6787.312743119626,14.904388189315796,4866,True,6520.938491139169,0.027048826217651367,14928,9.730545816379228,1.04084906679344,67.40353697749197
150,wide,45,4366629260,1278029480,True,2140.7250171457435,2.222609043121338,664,True,1985.3397532844008,0.003972053527832031,2310,36.33821485466865,1.0782663338122782,71.25541125541126
150,wide,46,1832500249,3488934335,False,0,73.34715604782104,22773,True,3048.9446121560472,0.006206989288330078,3424,-1,-1,-565.0992990654205
150,wide,47,2515049090,1882601483,False,0,0.005343198776245117,0,True,4479.489183448038,0.028059959411621094,15676,-1,-1,100.0
150,wide,48,5364240728,8626730293,False,0,0.0005991458892822266,0,True,2846.936178753612,0.003480195999145508,2039,-1,-1,100.0
150,wide,49,10302113554,3166114448,True,1769.1215378799773,2.4255619049072266,812,True,1769.1215378799773,0.00462794303894043,2799,17.879406629171182,1.0,70.98963915684173
150,wide,50,9913833760,6084075960,True,5555.586628232282,9.161502122879028,3011,True,4407.24674216798,0.01853799819946289,9666,29.625157408477538,1.2605572034524708,68.84957583281606
150,wide,51,1124354005,1954497029,False,0,0.0009551048278808594,0,True,5070.12981589228,0.025658845901489258,14403,-1,-1,100.0
150,wide,52,3484823241,2194418722,True,18739.806457334227,51.419386863708496,16702,True,16062.399723279214,0.08537912368774414,46751,2.569108038171869,1.166687841180708,64.27456097195781
150,wide,53,2331016912,1954532218,True,4883.407992249621,10.708408117294312,3439,True,3925.94031987883,0.00978994369506836,5650,23.682015214722103,1.2438823808713277,39.13274336283186
150,wide,54,5100066222,11529704183,False,0,0.0007259845733642578,0,True,15048.441553964956,0.10908985137939453,56985,-1,-1,100.0
150,wide,55,12597531704,3504112995,False,0,0.00029015541076660156,0,True,30143.4761474437,0.1236727237701416,69434,-1,-1,100.0
150,wide,56,3484443455,6089506432,False,0,0.0004858970642089844,0,True,11138.192755323578,0.10230803489685059,56770,-1,-1,100.0
150,wide,57,11007221469,728152153,True,6210.458449621789,15.772339105606079,4906,True,6158.924721310814,0.037782907485961914,21140,8.789102473100504,1.0083673255710792,76.79280983916745
150,wide,58,977632825,1950365695,True,8221.02920827647,22.909759998321533,7094,True,7787.789844565952,0.043686866760253906,24332,18.812458965381353,1.0556305925503136,70.84497780700312
150,wide,59,1887596102,11027577102,False,0,0.0019860267639160156,0,True,6908.781869055859,0.041893959045410156,23125,-1,-1,100.0
150,wide,60,1835462250,10962868704,True,9078.54748559717,32.30682587623596,10043,True,7266.496643360606,0.06190776824951172,33051,17.43411850152778,1.2493706295030402,69.61362742428368
150,wide,61,1489359102,9999077133,True,3224.678288382766,4.0974321365356445,1322,True,2690.4380285619272,0.006328105926513672,3578,22.32625460229851,1.1985699927481313,63.051984348798214
150,wide,62,2516767938,3487964537,True,1759.9550648068823,0.8779089450836182,333,True,1759.9550648068823,0.0016379356384277344,849,0.0,1.0,60.7773851590106
150,wide,63,3495873461,2169181533,True,13112.836085429753,54.95503091812134,16346,True,9591.714548408707,0.09637093544006348,53091,22.149887369607775,1.3671003259375782,69.2113540901471
150,wide,64,2521929457,7940914786,True,4504.1379791057025,10.255057334899902,3385,True,4504.1379791057025,0.021503925323486328,12111,16.313056132601638,1.0,72.0502022954339
150,wide,65,1835407695,3487210686,False,0,0.0015630722045898438,0,True,8121.952377266135,0.06509995460510254,32385,-1,-1,100.0
150,wide,66,3092593576,2039616841,False,0,0.00027298927307128906,0,True,3367.430281246503,0.013966083526611328,7487,-1,-1,100.0
150,wide,67,3544247345,3512649781,True,31659.856254531125,53.72423696517944,16786,True,29210.483487971123,0.08413481712341309,47375,0.0,1.083852523960059,64.56781002638523
150,wide,68,11107126643,2093231601,True,6229.713572549349,21.07029676437378,6825,True,5694.584439160986,0.040780067443847656,22647,26.537051664600508,1.0939715863563886,69.86355808716387
150,wide,69,2085592141,2172903345,False,0,0.001522064208984375,0,True,4695.6842103856825,0.04199719429016113,22675,-1,-1,100.0
150,wide,70,3567339063,6091848381,True,2840.1985500910537,3.4496922492980957,1169,True,2789.331875342636,0.007809162139892578,3944,3.5710052390221443,1.0182361500967572,70.36004056795132
150,wide,71,3491211765,11939650698,True,27255.793850031987,63.78816318511963,20487,True,25860.85071583444,0.12613511085510254,66608,8.771844630734979,1.0539403420840843,69.24243334134039
150,wide,72,1124430100,2516891951,True,5799.286159607736,9.637157917022705,3185,True,5544.630596600247,0.01948094367980957,10432,0.0,1.0459283190414226,69.46894171779141
150,wide,73,2552348289,3504190682,True,11965.152648920037,36.347476959228516,11606,True,10178.563503392525,0.08416223526000977,40632,10.405504282681,1.1755246842967615,71.43630635951959
150,wide,74,3491211767,10749874175,True,25259.87354086633,67.1608498096466,20056,True,21613.690385195045,0.11591720581054688,65787,11.086461674394391,1.168697852642918,69.51373371638773
150,wide,75,1880051628,2523861482,False,0,0.001371145248413086,0,True,6714.570804972048,0.03236579895019531,17904,-1,-1,100.0
150,wide,76,4631691578,3500528663,True,4739.1314929800465,5.1051859855651855,1613,True,4260.5725110028125,0.007850885391235352,4164,3.7913963183631707,1.1123226938965054,61.26320845341018
150,wide,77,1832593971,1400078353,True,5240.303753856773,17.326955795288086,5402,True,5848.563285898472,0.03331398963928223,18297,0.0,0.8959984696569363,70.47603432256653
150,wide,78,2516924629,1883487759,True,9318.513737219171,28.39621877670288,8695,True,8487.288572024301,0.051325082778930664,28696,15.316378869428648,1.0979376579623725,69.6996097017006
150,wide,79,3489882356,3491013122,False,0,72.29059290885925,22790,True,14264.508003154036,0.03172898292541504,17999,-1,-1,-26.618145452525145
150,wide,80,3505689863,2105153066,True,19451.09616812633,61.087321281433105,19438,True,18146.519985960334,0.11566901206970215,64662,10.93147282861443,1.0718912597663532,69.93906776777705
150,wide,81,3490991238,10115884297,True,8193.003366175108,8.746390104293823,2950,True,8058.700280693966,0.0146331787109375,8191,13.019239423374668,1.01666560125122,63.984861433280436
150,wide,82,1832594075,3489257082,True,10396.720503392626,32.89343595504761,10709,True,8776.587617349729,0.06557011604309082,35451,9.114331667479608,1.1845971300782308,69.7921074158698
150,wide,83,1480927624,2191994431,True,8153.886245874386,25.702884912490845,7783,True,6775.2128029039795,0.04163694381713867,22801,19.632667744713345,1.203487843566992,65.8655322134994
150,wide,84,2355854521,1957364523,True,18612.103856110625,60.37230896949768,18617,True,17343.716006890703,0.11233210563659668,61322,14.4140312280123,1.073132415724288,69.64058576041225
150,wide,85,1280126363,12065060516,False,0,0.0013539791107177734,0,True,5032.852216051462,0.03689980506896973,20996,-1,-1,100.0
150,wide,86,1275274775,2169447682,False,0,74.05288410186768,22865,True,5160.743235545743,0.03633928298950195,14725,-1,-1,-55.280135823429546
150,wide,87,1835495789,5450241679,True,8326.589251060854,34.19567012786865,10089,True,6589.661233572702,0.05775284767150879,32150,22.387966021356874,1.2635838104452064,68.61897356143078
150,wide,88,5042508097,3488665239,True,2689.794671866353,2.3625221252441406,817,True,2350.477053614569,0.003834962844848633,2292,7.653098335978492,1.1443611703122056,64.3542757417103
150,wide,89,3498388295,1124354329,True,6677.098206060327,15.224009990692139,4977,True,5764.636858519826,0.02990412712097168,16791,2.4577540318510884,1.158286006549039,70.35912095765589
150,wide,90,1979266939,11347926989,True,4956.658298707519,9.601655960083008,3133,True,3986.371998713856,0.01800227165222168,10156,8.124707811613446,1.2434008417445013,69.1512406459236
150,wide,91,1273478057,11052131865,True,7493.175561359505,29.82877516746521,9756,True,5521.517183224158,0.05236101150512695,28855,21.891379699459467,1.3570863428852076,66.18956853231676
150,wide,92,6098737553,3824958181,False,0,0.001405954360961914,0,True,7842.25792345377,0.07011795043945312,38775,-1,-1,100.0
150,wide,93,12323021593,12854763032,True,9841.805431864588,39.21972584724426,12649,True,9099.711875562929,0.07818198204040527,42088,19.80372981848026,1.0815513245308936,69.94630298422354
150,wide,94,2115566297,1950493587,True,3939.679454469247,6.56316614151001,2075,True,3939.679454469247,0.015249967575073242,8705,3.2835875934464047,1.0,76.16312464101091
150,wide,95,3490877304,11850627647,True,7752.258075303861,12.640644073486328,4096,True,7752.258075303861,0.025636911392211914,14261,0.0,1.0,71.27831147885843
150,wide,96,3318269307,3144158732,True,4104.534268239499,2.222240447998047,744,True,4104.534268239499,0.003874063491821289,2219,0.0,1.0,66.47138350608381
150,wide,97,1931372210,1832349710,False,0,0.0003829002380371094,0,True,6917.771336875828,0.046504974365234375,25413,-1,-1,100.0
150,wide,98,6290088001,6072430239,True,11656.285075360429,35.14393901824951,11517,True,11162.64894542082,0.08579182624816895,45631,23.200446532884197,1.0442221315346578,74.76057943065022
150,wide,99,2516868263,10636203372,True,3851.0770641731583,4.5745580196380615,1564,True,3768.2669295074934,0.00848698616027832,4720,0.0,1.0219756551791006,66.86440677966101
150,wide,100,2303826373,9469153932,False,0,0.0003151893615722656,0,True,4249.140824382803,0.027158021926879883,15193,-1,-1,100.0
150,very_wide,1,3479168346,1273357595,False,0,0.00040411949157714844,0,True,43152.91766419638,0.12800002098083496,71961,-1,-1,100.0
150,very_wide,2,2167631058,3481893581,False,0,0.0004029273986816406,0,True,22472.053753363212,0.11502909660339355,61773,-1,-1,100.0
150,very_wide,3,1832593795,8514323209,False,0,2.2378649711608887,740,True,3535.912141682475,0.00851893424987793,4642,-1,-1,84.05859543300302
150,very_wide,4,3491107647,2236941346,False,0,0.0011091232299804688,0,True,20391.001670862293,0.12094306945800781,67562,-1,-1,100.0
150,very_wide,5,913498558,1835407716,False,0,0.5333070755004883,171,True,11543.425949062115,0.06979680061340332,38864,-1,-1,99.56000411692054
150,very_wide,6,2168022200,1835496063,False,0,0.5949089527130127,202,True,6385.529247118542,0.04369187355041504,24182,-1,-1,99.16466793482755
150,very_wide,7,8514323209,6094752669,False,0,0.0005841255187988281,0,True,3123.445754203857,0.011259078979492188,6169,-1,-1,100.0
150,very_wide,8,1274031326,3479110325,False,0,0.00026297569274902344,0,True,38141.90871180438,0.12547612190246582,70954,-1,-1,100.0
150,very_wide,9,3517744265,3487889166,False,0,0.0003662109375,0,True,23559.36594958346,0.10921978950500488,62178,-1,-1,100.0
150,very_wide,10,2185027111,268301695,False,0,0.00016188621520996094,0,True,4619.871596220789,0.03505587577819824,19716,-1,-1,100.0
150,very_wide,11,10013324803,2169351529,False,0,0.00021600723266601562,0,True,10152.10934614784,0.07305765151977539,40850,-1,-1,100.0
150,very_wide,12,8794963017,10901289719,False,0,1.9495999813079834,632,True,9094.873383307975,0.07888197898864746,43784,-1,-1,98.55655033802302
150,very_wide,13,3501694602,2342125810,True,35191.27089994387,15.376353979110718,5194,True,7901.157960904627,0.015075922012329102,8336,5.845245436260716,4.453938406759143,37.69193857965452
150,very_wide,14,1278041265,3491353855,False,0,0.0010638236999511719,0,True,10574.38173731274,0.09882187843322754,45394,-1,-1,100.0
150,very_wide,15,3488053123,5524355240,False,0,0.00017499923706054688,0,True,3340.584919288161,0.0009071826934814453,441,-1,-1,100.0
150,very_wide,16,2599227046,2516912122,False,0,0.0002288818359375,0,True,6037.232259257358,0.03633403778076172,19095,-1,-1,100.0
150,very_wide,17,10944006998,3074602034,False,0,8.797645568847656e-05,0,True,7159.954913822352,0.05657219886779785,31359,-1,-1,100.0
150,very_wide,18,3535737813,1835407915,False,0,9.202957153320312e-05,0,True,8785.517344479193,0.05964183807373047,33219,-1,-1,100.0
150,very_wide,19,1832500331,10113638861,False,0,0.0003170967102050781,0,True,6368.89971489041,0.035917043685913086,20265,-1,-1,100.0
150,very_wide,20,10006667081,3925033990,False,0,7.200241088867188e-05,0,True,3531.233524084723,0.016319990158081055,9271,-1,-1,100.0
150,very_wide,21,4515109737,11064139368,False,0,0.0004086494445800781,0,True,6662.158053345915,0.055139780044555664,30309,-1,-1,100.0
150,very_wide,22,3479147682,7070924830,False,0,0.0003960132598876953,0,True,63802.935593736765,0.13182902336120605,72322,-1,-1,100.0
150,very_wide,23,2519156446,977632822,False,0,0.000125885009765625,0,True,2898.8331310202348,0.004133939743041992,2329,-1,-1,100.0
150,very_wide,24,2857860458,11056068705,False,0,0.00027489662170410156,0,True,4577.784409459445,0.024567127227783203,13538,-1,-1,100.0
150,very_wide,25,5068744258,11189424498,False,0,8.082389831542969e-05,0,True,2499.7792933633473,0.009083032608032227,5101,-1,-1,100.0
150,very_wide,26,3498359660,9999912987,False,0,23.552332639694214,7786,True,9348.442354768467,0.08620691299438477,47973,-1,-1,83.77003731265503
150,very_wide,27,11977562724,3498398454,False,0,0.0004000663757324219,0,True,1612.6343155927375,0.0014109611511230469,829,-1,-1,100.0
150,very_wide,28,3497331305,11782247430,False,0,0.0007688999176025391,0,True,8482.52259862475,0.06870508193969727,34823,-1,-1,100.0
150,very_wide,29,3487075884,3495377502,False,0,0.000141143798828125,0,True,17719.650811959036,0.09285569190979004,52244,-1,-1,100.0
150,very_wide,30,12772267800,5075056399,False,0,0.00022029876708984375,0,True,8671.480125660777,0.06672477722167969,36329,-1,-1,100.0
150,very_wide,31,268310357,3484264519,False,0,0.7763309478759766,257,True,12181.792292378419,0.09169888496398926,50493,-1,-1,99.49101855702772
150,very_wide,32,2097604343,9874143977,False,0,0.17648005485534668,48,True,4463.9958043563,0.0074079036712646484,4266,-1,-1,98.87482419127988
150,very_wide,33,3079800856,10945732686,False,0,0.0002932548522949219,0,True,2850.276343831078,0.006834983825683594,3835,-1,-1,100.0
150,very_wide,34,3500178997,2521404887,False,0,0.00037384033203125,0,True,34231.921061192275,0.13555407524108887,71456,-1,-1,100.0
150,very_wide,35,1931989766,3487796010,False,0,0.00011587142944335938,0,True,23702.41753786974,0.12240791320800781,67925,-1,-1,100.0
150,very_wide,36,1278980981,2516860150,False,0,0.0002918243408203125,0,True,3265.930931552578,0.012129068374633789,4242,-1,-1,100.0
150,very_wide,37,2516880342,3512815583,False,0,0.000141143798828125,0,True,13123.171063259244,0.0554959774017334,28861,-1,-1,100.0
150,very_wide,38,6354396888,3487058837,False,0,0.0001819133758544922,0,True,12334.906235759785,0.08723092079162598,48294,-1,-1,100.0
150,very_wide,39,12615277928,12311365439,False,0,0.00047326087951660156,0,True,4237.3214108094235,0.023064136505126953,12751,-1,-1,100.0
150,very_wide,40,11052131889,3487119302,False,0,0.00012302398681640625,0,True,11678.174177617175,0.1041102409362793,54592,-1,-1,100.0
150,very_wide,41,10779882929,3489575020,False,0,0.00022983551025390625,0,True,20248.02707110546,0.11466598510742188,64510,-1,-1,100.0
150,very_wide,42,1317084931,5053149016,False,0,7.414817810058594e-05,0,True,8002.133175212717,0.04879879951477051,27748,-1,-1,100.0
150,very_wide,43,3482124174,10956817020,False,0,0.0002601146697998047,0,True,15278.397271634209,0.0970618724822998,53339,-1,-1,100.0
150,very_wide,44,2302338802,10926041122,False,0,0.0003521442413330078,0,True,6520.938491139169,0.027048826217651367,14928,-1,-1,100.0
150,very_wide,45,4366629260,1278029480,False,0,8.821487426757812e-05,0,True,1985.3397532844008,0.003972053527832031,2310,-1,-1,100.0
150,very_wide,46,1832500249,3488934335,False,0,0.00022029876708984375,0,True,3048.9446121560472,0.006206989288330078,3424,-1,-1,100.0
150,very_wide,47,2515049090,1882601483,False,0,0.00010704994201660156,0,True,4479.489183448038,0.028059959411621094,15676,-1,-1,100.0
150,very_wide,48,5364240728,8626730293,False,0,0.0002429485321044922,0,True,2846.936178753612,0.003480195999145508,2039,-1,-1,100.0
150,very_wide,49,10302113554,3166114448,False,0,0.0002071857452392578,0,True,1769.1215378799773,0.00462794303894043,2799,-1,-1,100.0
150,very_wide,50,9913833760,6084075960,False,0,6.604194641113281e-05,0,True,4407.24674216798,0.01853799819946289,9666,-1,-1,100.0
150,very_wide,51,1124354005,1954497029,False,0,0.0004649162292480469,0,True,5070.12981589228,0.025658845901489258,14403,-1,-1,100.0
150,very_wide,52,3484823241,2194418722,False,0,0.00044608116149902344,0,True,16062.399723279214,0.08537912368774414,46751,-1,-1,100.0
150,very_wide,53,2331016912,1954532218,False,0,6.436382055282593,2108,True,3925.94031987883,0.00978994369506836,5650,-1,-1,62.69026548672567
150,very_wide,54,5100066222,11529704183,False,0,0.0003771781921386719,0,True,15048.441553964956,0.10908985137939453,56985,-1,-1,100.0
150,very_wide,55,12597531704,3504112995,False,0,9.608268737792969e-05,0,True,30143.4761474437,0.1236727237701416,69434,-1,-1,100.0
150,very_wide,56,3484443455,6089506432,False,0,0.00022077560424804688,0,True,11138.192755323578,0.10230803489685059,56770,-1,-1,100.0
150,very_wide,57,11007221469,728152153,False,0,0.0004189014434814453,0,True,6158.924721310814,0.037782907485961914,21140,-1,-1,100.0
150,very_wide,58,977632825,1950365695,False,0,0.0003781318664550781,0,True,7787.789844565952,0.043686866760253906,24332,-1,-1,100.0
150,very_wide,59,1887596102,11027577102,False,0,0.000202178955078125,0,True,6908.781869055859,0.041893959045410156,23125,-1,-1,100.0
150,very_wide,60,1835462250,10962868704,False,0,7.82012939453125e-05,0,True,7266.496643360606,0.06190776824951172,33051,-1,-1,100.0
150,very_wide,61,1489359102,9999077133,False,0,0.00019979476928710938,0,True,2690.4380285619272,0.006328105926513672,3578,-1,-1,100.0
150,very_wide,62,2516767938,3487964537,False,0,0.00016927719116210938,0,True,1759.9550648068823,0.0016379356384277344,849,-1,-1,100.0
150,very_wide,63,3495873461,2169181533,False,0,8.606910705566406e-05,0,True,9591.714548408707,0.09637093544006348,53091,-1,-1,100.0
150,very_wide,64,2521929457,7940914786,False,0,0.00028395652770996094,0,True,4504.1379791057025,0.021503925323486328,12111,-1,-1,100.0
150,very_wide,65,1835407695,3487210686,False,0,0.0003142356872558594,0,True,8121.952377266135,0.06509995460510254,32385,-1,-1,100.0
150,very_wide,66,3092593576,2039616841,False,0,8.320808410644531e-05,0,True,3367.430281246503,0.013966083526611328,7487,-1,-1,100.0
150,very_wide,67,3544247345,3512649781,True,32097.087673363483,5.231613874435425,1758,True,29210.483487971123,0.08413481712341309,47375,0.0,1.098820828713125,96.2891820580475
150,very_wide,68,11107126643,2093231601,False,0,0.00028586387634277344,0,True,5694.584439160986,0.040780067443847656,22647,-1,-1,100.0
150,very_wide,69,2085592141,2172903345,False,0,0.0002238750457763672,0,True,4695.6842103856825,0.04199719429016113,22675,-1,-1,100.0
150,very_wide,70,3567339063,6091848381,False,0,0.00036716461181640625,0,True,2789.331875342636,0.007809162139892578,3944,-1,-1,100.0
150,very_wide,71,3491211765,11939650698,False,0,0.0003960132598876953,0,True,25860.85071583444,0.12613511085510254,66608,-1,-1,100.0
150,very_wide,72,1124430100,2516891951,False,0,18.585649013519287,6186,True,5544.630596600247,0.01948094367980957,10432,-1,-1,40.70168711656442
150,very_wide,73,2552348289,3504190682,False,0,0.0003437995910644531,0,True,10178.563503392525,0.08416223526000977,40632,-1,-1,100.0
150,very_wide,74,3491211767,10749874175,False,0,0.0005190372467041016,0,True,21613.690385195045,0.11591720581054688,65787,-1,-1,100.0
150,very_wide,75,1880051628,2523861482,False,0,9.894371032714844e-05,0,True,6714.570804972048,0.03236579895019531,17904,-1,-1,100.0
150,very_wide,76,4631691578,3500528663,False,0,7.700920104980469e-05,0,True,4260.5725110028125,0.007850885391235352,4164,-1,-1,100.0
150,very_wide,77,1832593971,1400078353,False,0,0.0004668235778808594,0,True,5848.563285898472,0.03331398963928223,18297,-1,-1,100.0
150,very_wide,78,2516924629,1883487759,False,0,0.001135110855102539,0,True,8487.288572024301,0.051325082778930664,28696,-1,-1,100.0
150,very_wide,79,3489882356,3491013122,False,0,18.263963222503662,6104,True,14264.508003154036,0.03172898292541504,17999,-1,-1,66.08700483360185
150,very_wide,80,3505689863,2105153066,False,0,0.0006229877471923828,0,True,18146.519985960334,0.11566901206970215,64662,-1,-1,100.0
150,very_wide,81,3490991238,10115884297,True,8291.245870530183,6.665945291519165,2251,True,8058.700280693966,0.0146331787109375,8191,0.0,1.0288564634167274,72.51861799536077
150,very_wide,82,1832594075,3489257082,False,0,0.00019478797912597656,0,True,8776.587617349729,0.06557011604309082,35451,-1,-1,100.0
150,very_wide,83,1480927624,2191994431,False,0,0.0012631416320800781,0,True,6775.2128029039795,0.04163694381713867,22801,-1,-1,100.0
150,very_wide,84,2355854521,1957364523,False,0,0.00042819976806640625,0,True,17343.716006890703,0.11233210563659668,61322,-1,-1,100.0
150,very_wide,85,1280126363,12065060516,False,0,0.00035691261291503906,0,True,5032.852216051462,0.03689980506896973,20996,-1,-1,100.0
150,very_wide,86,1275274775,2169447682,False,0,0.00021576881408691406,0,True,5160.743235545743,0.03633928298950195,14725,-1,-1,100.0
150,very_wide,87,1835495789,5450241679,False,0,3.021420955657959,971,True,6589.661233572702,0.05775284767150879,32150,-1,-1,96.97978227060653
150,very_wide,88,5042508097,3488665239,False,0,0.0003020763397216797,0,True,2350.477053614569,0.003834962844848633,2292,-1,-1,100.0
150,very_wide,89,3498388295,1124354329,False,0,0.00014591217041015625,0,True,5764.636858519826,0.02990412712097168,16791,-1,-1,100.0
150,very_wide,90,1979266939,11347926989,False,0,0.00026702880859375,0,True,3986.371998713856,0.01800227165222168,10156,-1,-1,100.0
150,very_wide,91,1273478057,11052131865,False,0,9.202957153320312e-05,0,True,5521.517183224158,0.05236101150512695,28855,-1,-1,100.0
150,very_wide,92,6098737553,3824958181,False,0,0.0008089542388916016,0,True,7842.25792345377,0.07011795043945312,38775,-1,-1,100.0
150,very_wide,93,12323021593,12854763032,False,0,0.00037407875061035156,0,True,9099.711875562929,0.07818198204040527,42088,-1,-1,100.0
150,very_wide,94,2115566297,1950493587,False,0,0.0002498626708984375,0,True,3939.679454469247,0.015249967575073242,8705,-1,-1,100.0
150,very_wide,95,3490877304,11850627647,False,0,9.655952453613281e-05,0,True,7752.258075303861,0.025636911392211914,14261,-1,-1,100.0
150,very_wide,96,3318269307,3144158732,False,0,0.00033092498779296875,0,True,4104.534268239499,0.003874063491821289,2219,-1,-1,100.0
150,very_wide,97,1931372210,1832349710,False,0,7.605552673339844e-05,0,True,6917.771336875828,0.046504974365234375,25413,-1,-1,100.0
150,very_wide,98,6290088001,6072430239,False,0,0.00011110305786132812,0,True,11162.64894542082,0.08579182624816895,45631,-1,-1,100.0
150,very_wide,99,2516868263,10636203372,True,4360.572187296541,2.211665153503418,808,True,3768.2669295074934,0.00848698616027832,4720,73.37545183258875,1.1571824047683537,82.88135593220339
150,very_wide,100,2303826373,9469153932,False,0,0.00029587745666503906,0,True,4249.140824382803,0.027158021926879883,15193,-1,-1,100.0
300,tight,1,3479168346,1273357595,False,0,176.07652306556702,27545,True,43152.91766419638,0.12800002098083496,71961,-1,-1,61.722321813204374
300,tight,2,2167631058,3481893581,True,24133.79201270866,154.32298517227173,23943,True,22472.053753363212,0.11502909660339355,61773,0.0,1.0739468798705927,61.2403477247341
300,tight,3,1832593795,8514323209,True,3535.912141682475,10.735093116760254,1633,True,3535.912141682475,0.00851893424987793,4642,0.0,1.0,64.8211977595864
300,tight,4,3491107647,2236941346,True,21970.089577148956,159.68252420425415,24844,True,20391.001670862293,0.12094306945800781,67562,1.2753300693018375,1.0774404284681658,63.22784997483792
300,tight,5,913498558,1835407716,True,11715.981023174083,86.73582816123962,13906,True,11543.425949062115,0.06979680061340332,38864,2.692294828866346,1.0149483415819016,64.21881432688349
300,tight,6,2168022200,1835496063,True,6743.734359346616,59.50736689567566,9210,True,6385.529247118542,0.04369187355041504,24182,7.80211197471911,1.0560963858069734,61.91382019684062
300,tight,7,8514323209,6094752669,True,3495.816259356231,21.570080995559692,3687,True,3123.445754203857,0.011259078979492188,6169,0.0,1.1192178556810852,40.23342519046847
300,tight,8,1274031326,3479110325,True,39447.81249214125,158.0969488620758,26347,True,38141.90871180438,0.12547612190246582,70954,0.36298455002116425,1.034238029098232,62.867491614285306
300,tight,9,3517744265,3487889166,True,27416.868403281154,141.5560691356659,23781,True,23559.36594958346,0.10921978950500488,62178,3.171609364491152,1.1637354104500377,61.75335327607836
300,tight,10,2185027111,268301695,True,4780.424328839083,45.302578926086426,7639,True,4619.871596220789,0.03505587577819824,19716,8.144438294000347,1.0347526396079127,61.254818421586535
300,tight,11,10013324803,2169351529,True,10416.24427676226,90.3347520828247,15454,True,10152.10934614784,0.07305765151977539,40850,6.800755442554594,1.026017738935667,62.168910648714814
300,tight,12,8794963017,10901289719,True,9574.974862628687,97.57971715927124,16625,True,9094.873383307975,0.07888197898864746,43784,2.719678467408106,1.052788143285409,62.02950849625434
300,tight,13,3501694602,2342125810,True,8389.371754155209,19.952982187271118,3628,True,7901.157960904627,0.015075922012329102,8336,0.0,1.061790157299258,56.47792706333974
300,tight,14,1278041265,3491353855,True,10711.048589119115,96.51006817817688,16489,True,10574.38173731274,0.09882187843322754,45394,1.635296289373607,1.0129243349825485,63.675816187161296
300,tight,15,3488053123,5524355240,True,3340.584919288161,1.02537202835083,211,True,3340.584919288161,0.0009071826934814453,441,0.0,1.0,52.15419501133787
300,tight,16,2599227046,2516912122,True,6231.076725302455,39.70151114463806,6796,True,6037.232259257358,0.03633403778076172,19095,6.652264049144422,1.0321081677366082,64.40953129091385
300,tight,17,10944006998,3074602034,True,7153.704287581548,67.91001296043396,11760,True,7159.954913822352,0.05657219886779785,31359,11.740203737136842,0.999127002011041,62.49880417105138
300,tight,18,3535737813,1835407915,False,0,0.0018146038055419922,0,True,8785.517344479193,0.05964183807373047,33219,-1,-1,100.0
300,tight,19,1832500331,10113638861,False,0,0.0005829334259033203,0,True,6368.89971489041,0.035917043685913086,20265,-1,-1,100.0
300,tight,20,10006667081,3925033990,True,3440.551528725885,20.422014236450195,3492,True,3531.233524084723,0.016319990158081055,9271,6.671404051002498,0.9743200230909843,62.33416028475893
300,tight,21,4515109737,11064139368,True,6715.313148410669,66.74811291694641,11608,True,6662.158053345915,0.055139780044555664,30309,4.5275366411343745,1.0079786601637375,61.70114487445972
300,tight,22,3479147682,7070924830,True,69445.4830731341,159.63618993759155,26898,True,63802.935593736765,0.13182902336120605,72322,1.1821527699942054,1.0884371138551694,62.80799756643898
300,tight,23,2519156446,977632822,False,0,0.001547098159790039,0,True,2898.8331310202348,0.004133939743041992,2329,-1,-1,100.0
300,tight,24,2857860458,11056068705,True,4577.784409459445,26.937023878097534,4779,True,4577.784409459445,0.024567127227783203,13538,2.5606069322233806,1.0,64.69936475107106
300,tight,25,5068744258,11189424498,True,2499.7792933633473,8.99742603302002,1673,True,2499.7792933633473,0.009083032608032227,5101,7.6014817184941395,1.0,67.20250931189963
300,tight,26,3498359660,9999912987,True,12937.31205120495,105.59374690055847,18040,True,9348.442354768467,0.08620691299438477,47973,6.696181486790659,1.3839002862980554,62.395514143372324
300,tight,27,11977562724,3498398454,True,1913.3538890909408,2.590510129928589,496,True,1612.6343155927375,0.0014109611511230469,829,0.0,1.1864772258598946,40.16887816646562
300,tight,28,3497331305,11782247430,True,8563.095277600869,77.25257611274719,12648,True,8482.52259862475,0.06870508193969727,34823,2.9994594949379514,1.0094986695336576,63.67917755506418
300,tight,29,3487075884,3495377502,True,18105.48137335316,111.32975792884827,18976,True,17719.650811959036,0.09285569190979004,52244,1.762992304576012,1.0217741627918382,63.678125717785775
300,tight,30,12772267800,5075056399,True,8728.74859080539,83.49770283699036,14352,True,8671.480125660777,0.06672477722167969,36329,9.418450015214203,1.0066042318398611,60.49437088827108
300,tight,31,268310357,3484264519,True,15583.243651777433,119.25501418113708,20488,True,12181.792292378419,0.09169888496398926,50493,2.1589626542695304,1.2792242124771036,59.42407858515042
300,tight,32,2097604343,9874143977,True,4463.9958043563,8.116813898086548,1489,True,4463.9958043563,0.0074079036712646484,4266,0.0,1.0,65.09610876699485
300,tight,33,3079800856,10945732686,True,1495.207561042254,10.0037260055542,1855,True,2850.276343831078,0.006834983825683594,3835,17.52654883233972,0.5245833668999736,51.62972620599739
300,tight,34,3500178997,2521404887,True,34713.210171754574,155.25942182540894,26332,True,34231.921061192275,0.13555407524108887,71456,0.0,1.014059658226658,63.14935064935065
300,tight,35,1931989766,3487796010,True,25017.848936149123,148.67088794708252,25161,True,23702.41753786974,0.12240791320800781,67925,0.5723492256797998,1.0554977734308197,62.95767390504232
300,tight,36,1278980981,2516860150,True,3265.9815055111712,8.789621114730835,1653,True,3265.930931552578,0.012129068374633789,4242,0.0,1.0000154853117391,61.032531824611034
300,tight,37,2516880342,3512815583,True,13619.058360432078,61.30121922492981,10587,True,13123.171063259244,0.0554959774017334,28861,0.0,1.0377871548562803,63.31727937354907
300,tight,38,6354396888,3487058837,False,0,0.00036907196044921875,0,True,12334.906235759785,0.08723092079162598,48294,-1,-1,100.0
300,tight,39,12615277928,12311365439,True,6171.548222526694,32.77232480049133,5747,True,4237.3214108094235,0.023064136505126953,12751,0.0,1.4564739428977587,54.92902517449612
300,tight,40,11052131889,3487119302,True,12992.967455869719,119.05653023719788,20364,True,11678.174177617175,0.1041102409362793,54592,2.0042267517649237,1.1125855170727394,62.69783118405628
300,tight,41,10779882929,3489575020,True,21300.26092117811,143.5768210887909,24390,True,20248.02707110546,0.11466598510742188,64510,2.965897143807853,1.0519672285293522,62.19190823128198
300,tight,42,1317084931,5053149016,True,8195.27716149593,61.64130210876465,10461,True,8002.133175212717,0.04879879951477051,27748,3.19704386682456,1.024136562345837,62.29998558454663
300,tight,43,3482124174,10956817020,True,15884.951010021648,116.04192876815796,19714,True,15278.397271634209,0.0970618724822998,53339,0.8071938668892088,1.0397000894533333,63.04017698119575
300,tight,44,2302338802,10926041122,True,6520.938491139169,32.954999685287476,5666,True,6520.938491139169,0.027048826217651367,14928,4.103085073497537,1.0,62.04448017148982
300,tight,45,4366629260,1278029480,True,2077.2313748585657,4.8780810832977295,840,True,1985.3397532844008,0.003972053527832031,2310,9.147766025855203,1.0462850861783966,63.63636363636363
300,tight,46,1832500249,3488934335,True,4465.994619081247,11.97183895111084,2162,True,3048.9446121560472,0.006206989288330078,3424,11.930487890143619,1.464767382547871,36.85747663551402
300,tight,47,2515049090,1882601483,True,4662.687954589894,34.80745816230774,6141,True,4479.489183448038,0.028059959411621094,15676,1.8697653035187576,1.040897246011618,60.82546568002041
300,tight,48,5364240728,8626730293,True,2859.5286989194447,3.989779233932495,752,True,2846.936178753612,0.003480195999145508,2039,8.851605374887372,1.0044231831608343,63.11917606669937
300,tight,49,10302113554,3166114448,True,2057.339626300831,8.23658299446106,1460,True,1769.1215378799773,0.00462794303894043,2799,0.0,1.1629159344056368,47.83851375491247
300,tight,50,9913833760,6084075960,True,4464.341966712377,21.047128200531006,3663,True,4407.24674216798,0.01853799819946289,9666,8.74699395306835,1.0129548509272506,62.10428305400373
300,tight,51,1124354005,1954497029,True,6702.196547603568,32.699328899383545,5689,True,5070.12981589228,0.025658845901489258,14403,14.720817794813026,1.3218984110812289,60.5012844546275
300,tight,52,3484823241,2194418722,True,16928.995161217124,102.54861521720886,17441,True,16062.399723279214,0.08537912368774414,46751,3.183459765842695,1.0539518037695175,62.69384612093859
300,tight,53,2331016912,1954532218,True,3925.94031987883,10.879724979400635,1949,True,3925.94031987883,0.00978994369506836,5650,2.9857576880964287,1.0,65.50442477876106
300,tight,54,5100066222,11529704183,True,15458.804598833989,125.77938508987427,21284,True,15048.441553964956,0.10908985137939453,56985,0.563959011376896,1.0272694712869395,62.6498201281039
300,tight,55,12597531704,3504112995,True,31777.17520607455,153.21182012557983,25936,True,30143.4761474437,0.1236727237701416,69434,1.0951730033540596,1.0541974339867035,62.64654203992281
300,tight,56,3484443455,6089506432,True,11769.060204897472,125.35936427116394,21340,True,11138.192755323578,0.10230803489685059,56770,1.216660142567764,1.0566400190257406,62.40972344548177
300,tight,57,11007221469,728152153,True,6359.177682797518,44.409088134765625,7808,True,6158.924721310814,0.037782907485961914,21140,0.0,1.0325142732778985,63.065279091769156
300,tight,58,977632825,1950365695,True,7904.868002638264,53.075506925582886,9333,True,7787.789844565952,0.043686866760253906,24332,4.776207887237876,1.015033553859187,61.64310373171132
300,tight,59,1887596102,11027577102,True,6509.072747020259,55.274090051651,9369,True,6908.781869055859,0.041893959045410156,23125,4.346847598022683,0.9421447760818908,59.48540540540541
300,tight,60,1835462250,10962868704,True,7596.0232647288085,69.40169405937195,12145,True,7266.496643360606,0.06190776824951172,33051,1.6980060328897595,1.0453487612451167,63.25375934162355
300,tight,61,1489359102,9999077133,True,2726.2325192471517,8.271036148071289,1432,True,2690.4380285619272,0.006328105926513672,3578,0.0,1.0133043356900353,59.97764114030184
300,tight,62,2516767938,3487964537,True,1759.9550648068823,1.6572279930114746,332,True,1759.9550648068823,0.0016379356384277344,849,0.0,1.0,60.89517078916372
300,tight,63,3495873461,2169181533,True,10624.417219643532,120.71451592445374,20630,True,9591.714548408707,0.09637093544006348,53091,1.3477394732112733,1.1076661180879444,61.142189825017425
300,tight,64,2521929457,7940914786,False,0,161.7566421031952,27423,True,4504.1379791057025,0.021503925323486328,12111,-1,-1,-126.43051771117166
300,tight,65,1835407695,3487210686,True,8605.883347346138,73.56071782112122,12685,True,8121.952377266135,0.06509995460510254,32385,10.464710891035399,1.0595830839189055,60.8306314651845
300,tight,66,3092593576,2039616841,False,0,0.0012891292572021484,0,True,3367.430281246503,0.013966083526611328,7487,-1,-1,100.0
300,tight,67,3544247345,3512649781,False,0,0.00013494491577148438,0,True,29210.483487971123,0.08413481712341309,47375,-1,-1,100.0
300,tight,68,11107126643,2093231601,False,0,0.0010862350463867188,0,True,5694.584439160986,0.040780067443847656,22647,-1,-1,100.0
300,tight,69,2085592141,2172903345,True,5513.377112021498,53.93379306793213,9559,True,4695.6842103856825,0.04199719429016113,22675,2.1260846582627644,1.1741371150613755,57.843439911797134
300,tight,70,3567339063,6091848381,True,2789.331875342636,7.950616121292114,1489,True,2789.331875342636,0.007809162139892578,3944,0.0,1.0,62.24645030425964
300,tight,71,3491211765,11939650698,True,25770.494624925297,144.00673007965088,24569,True,25860.85071583444,0.12613511085510254,66608,1.0872556491753473,0.9965060665674924,63.11404035551285
300,tight,72,1124430100,2516891951,False,0,0.0012638568878173828,0,True,5544.630596600247,0.01948094367980957,10432,-1,-1,100.0
300,tight,73,2552348289,3504190682,True,11545.60914211836,93.918940782547,16165,True,10178.563503392525,0.08416223526000977,40632,2.732023467581237,1.1343063427634161,60.21608584367002
300,tight,74,3491211767,10749874175,True,23783.743963714933,145.01013016700745,24628,True,21613.690385195045,0.11591720581054688,65787,3.3484545734627726,1.100401807365869,62.56403240761852
300,tight,75,1880051628,2523861482,True,7128.300569287273,40.443342208862305,7088,True,6714.570804972048,0.03236579895019531,17904,4.882160070310344,1.0616167103352108,60.41108132260947
300,tight,76,4631691578,3500528663,True,4877.306786175155,9.058082818984985,1664,True,4260.5725110028125,0.007850885391235352,4164,0.0,1.1447538502348318,60.03842459173872
300,tight,77,1832593971,1400078353,False,0,0.001016855239868164,0,True,5848.563285898472,0.03331398963928223,18297,-1,-1,100.0
300,tight,78,2516924629,1883487759,True,9842.141644833495,67.54181790351868,11701,True,8487.288572024301,0.051325082778930664,28696,7.416438966746121,1.15963320456371,59.224282129913576
300,tight,79,3489882356,3491013122,True,15236.78417721932,38.13577604293823,6658,True,14264.508003154036,0.03172898292541504,17999,0.0,1.0681605123604896,63.009056058669934
300,tight,80,3505689863,2105153066,True,18892.819993993715,141.35376906394958,23987,True,18146.519985960334,0.11566901206970215,64662,0.7579041387855991,1.0411263431561963,62.90402400173208
300,tight,81,3490991238,10115884297,True,8058.700280693966,17.329494953155518,3148,True,8058.700280693966,0.0146331787109375,8191,0.0,1.0,61.5675741667684
300,tight,82,1832594075,3489257082,True,9707.893189001239,81.96911311149597,14093,True,8776.587617349729,0.06557011604309082,35451,5.364653939639819,1.10611249066898,60.24653747426025
300,tight,83,1480927624,2191994431,True,7151.639803264037,53.42271375656128,9411,True,6775.2128029039795,0.04163694381713867,22801,4.251308395347918,1.0555594357418139,58.72549449585544
300,tight,84,2355854521,1957364523,True,18402.80975291362,128.41838932037354,21822,True,17343.716006890703,0.11233210563659668,61322,3.217071777641124,1.061064984320669,64.41407651413849
300,tight,85,1280126363,12065060516,True,5359.34139244261,50.02450680732727,8410,True,5032.852216051462,0.03689980506896973,20996,1.5490258278639726,1.0648716001137217,59.94475138121547
300,tight,86,1275274775,2169447682,False,0,161.63876605033875,27456,True,5160.743235545743,0.03633928298950195,14725,-1,-1,-86.45840407470288
300,tight,87,1835495789,5450241679,True,5580.88354777808,69.69097805023193,11928,True,6589.661233572702,0.05775284767150879,32150,3.4626586353848596,0.8469150916810188,62.89891135303266
300,tight,88,5042508097,3488665239,True,2350.477053614569,4.259988307952881,798,True,2350.477053614569,0.003834962844848633,2292,0.0,1.0,65.18324607329843
300,tight,89,3498388295,1124354329,True,5769.627240216386,34.96072793006897,6081,True,5764.636858519826,0.02990412712097168,16791,0.0,1.0008656888229108,63.78417009112024
300,tight,90,1979266939,11347926989,False,0,0.0003809928894042969,0,True,3986.371998713856,0.01800227165222168,10156,-1,-1,100.0
300,tight,91,1273478057,11052131865,True,5975.201402300728,57.862650871276855,9970,True,5521.517183224158,0.05236101150512695,28855,3.7988831069285203,1.0821665864692016,65.44792930168082
300,tight,92,6098737553,3824958181,False,0,0.0014231204986572266,0,True,7842.25792345377,0.07011795043945312,38775,-1,-1,100.0
300,tight,93,12323021593,12854763032,True,9953.809758065205,91.58242201805115,15751,True,9099.711875562929,0.07818198204040527,42088,1.4385392944824007,1.093859881959113,62.57603117278083
300,tight,94,2115566297,1950493587,False,0,0.0017538070678710938,0,True,3939.679454469247,0.015249967575073242,8705,-1,-1,100.0
300,tight,95,3490877304,11850627647,True,8084.430452323909,28.144160747528076,4969,True,7752.258075303861,0.025636911392211914,14261,2.413484843820302,1.0428484673489187,65.15672112755067
300,tight,96,3318269307,3144158732,True,4104.534268239499,4.8509979248046875,879,True,4104.534268239499,0.003874063491821289,2219,0.0,1.0,60.38756196484903
300,tight,97,1931372210,1832349710,True,7157.656328440711,56.309455156326294,9399,True,6917.771336875828,0.046504974365234375,25413,7.796253668611855,1.0346766292037082,63.014992326761885
300,tight,98,6290088001,6072430239,True,11321.652226619233,100.83063387870789,17391,True,11162.64894542082,0.08579182624816895,45631,2.460320220208876,1.0142442248229655,61.88775174771537
300,tight,99,2516868263,10636203372,True,3762.915262185474,7.810037851333618,1461,True,3768.2669295074934,0.00848698616027832,4720,3.773637466660687,0.9985798067328743,69.04661016949152
300,tight,100,2303826373,9469153932,True,4249.140824382803,29.974114894866943,5226,True,4249.140824382803,0.027158021926879883,15193,0.0,1.0,65.60258013558875
300,standard,1,3479168346,1273357595,False,0,148.28590083122253,25365,True,43152.91766419638,0.12800002098083496,71961,-1,-1,64.75174052611831
300,standard,2,2167631058,3481893581,True,24133.79201270866,125.45397663116455,21404,True,22472.053753363212,0.11502909660339355,61773,3.1466408886356807,1.0739468798705927,65.35055768701537
300,standard,3,1832593795,8514323209,True,3415.992034547245,10.160855054855347,1818,True,3535.912141682475,0.00851893424987793,4642,0.0,0.9660850998751996,60.83584661783714
300,standard,4,3491107647,2236941346,True,23585.599848774207,132.8756799697876,22654,True,20391.001670862293,0.12094306945800781,67562,1.9701866016231764,1.1566670548841567,66.4693170717267
300,standard,5,913498558,1835407716,True,11897.328855383608,70.71315598487854,12247,True,11543.425949062115,0.06979680061340332,38864,0.0,1.0306583944734575,68.48754631535611
300,standard,6,2168022200,1835496063,False,0,0.002424955368041992,0,True,6385.529247118542,0.04369187355041504,24182,-1,-1,100.0
300,standard,7,8514323209,6094752669,False,0,0.0009860992431640625,0,True,3123.445754203857,0.011259078979492188,6169,-1,-1,100.0
300,standard,8,1274031326,3479110325,True,39701.69827344504,140.59181690216064,24067,True,38141.90871180438,0.12547612190246582,70954,2.8988505790306345,1.0408943761421654,66.08084110832371
300,standard,9,3517744265,3487889166,True,27671.13800209021,126.37276601791382,21625,True,23559.36594958346,0.10921978950500488,62178,5.397609023072408,1.1745281286986182,65.22081765254592
300,standard,10,2185027111,268301695,True,6117.107092380775,41.393770933151245,7059,True,4619.871596220789,0.03505587577819824,19716,11.742003353670677,1.3240859545500734,64.19659160073037
300,standard,11,10013324803,2169351529,True,10740.626796098786,77.23529863357544,13485,True,10152.10934614784,0.07305765151977539,40850,0.0,1.0579699676081855,66.9889840881273
300,standard,12,8794963017,10901289719,True,10257.662436126338,86.56434893608093,14833,True,9094.873383307975,0.07888197898864746,43784,5.951530226524658,1.1278510435288145,66.12232779097387
300,standard,13,3501694602,2342125810,True,8389.371754155209,16.8840970993042,3053,True,7901.157960904627,0.015075922012329102,8336,14.811662624803468,1.061790157299258,63.37571976967371
300,standard,14,1278041265,3491353855,True,11119.603778890423,85.90345311164856,14781,True,10574.38173731274,0.09882187843322754,45394,5.511137719444672,1.0515606543363016,67.43842798607746
300,standard,15,3488053123,5524355240,True,3340.584919288161,1.026102066040039,211,True,3340.584919288161,0.0009071826934814453,441,0.0,1.0,52.15419501133787
300,standard,16,2599227046,2516912122,True,6517.75486923767,35.11187481880188,6119,True,6037.232259257358,0.03633403778076172,19095,2.8235348241010616,1.079593195912496,67.95496203194553
300,standard,17,10944006998,3074602034,True,7916.696466617206,54.73224401473999,9590,True,7159.954913822352,0.05657219886779785,31359,4.591566649431093,1.105690826534949,69.41866768710737
300,standard,18,3535737813,1835407915,False,0,0.0008358955383300781,0,True,8785.517344479193,0.05964183807373047,33219,-1,-1,100.0
300,standard,19,1832500331,10113638861,False,0,0.0003218650817871094,0,True,6368.89971489041,0.035917043685913086,20265,-1,-1,100.0
300,standard,20,10006667081,3925033990,True,3673.7809277562383,19.151537895202637,3274,True,3531.233524084723,0.016319990158081055,9271,0.0,1.040367594694396,64.68557868622587
300,standard,21,4515109737,11064139368,True,8370.513671288229,62.47061491012573,10945,True,6662.158053345915,0.055139780044555664,30309,19.92804257729905,1.2564267620586294,63.888613943053215
300,standard,22,3479147682,7070924830,False,0,0.002073049545288086,0,True,63802.935593736765,0.13182902336120605,72322,-1,-1,100.0
300,standard,23,2519156446,977632822,False,0,0.00029206275939941406,0,True,2898.8331310202348,0.004133939743041992,2329,-1,-1,100.0
300,standard,24,2857860458,11056068705,True,4783.69831714892,25.013813018798828,4426,True,4577.784409459445,0.024567127227783203,13538,5.487258685006421,1.044981128264577,67.3068400059093
300,standard,25,5068744258,11189424498,True,2771.0272814034915,6.185721158981323,1155,True,2499.7792933633473,0.009083032608032227,5101,6.888111222523557,1.1085087746587385,77.35738090570476
300,standard,26,3498359660,9999912987,True,18089.775689596117,99.02333998680115,17093,True,9348.442354768467,0.08620691299438477,47973,4.80665874991179,1.9350577350855522,64.36954120025848
300,standard,27,11977562724,3498398454,True,1971.6810407666449,2.224271774291992,434,True,1612.6343155927375,0.0014109611511230469,829,13.779984852421713,1.2226460901285836,47.64776839565742
300,standard,28,3497331305,11782247430,True,8580.366077025254,61.79162788391113,10494,True,8482.52259862475,0.06870508193969727,34823,10.757301647901468,1.0115347147340776,69.86474456537346
300,standard,29,3487075884,3495377502,False,0,0.0015637874603271484,0,True,17719.650811959036,0.09285569190979004,52244,-1,-1,100.0
300,standard,30,12772267800,5075056399,True,9329.912558861077,71.63231325149536,12446,True,8671.480125660777,0.06672477722167969,36329,10.183525082558486,1.075930801161829,65.74086817693853
300,standard,31,268310357,3484264519,True,16362.71179050105,105.63163685798645,18313,True,12181.792292378419,0.09169888496398926,50493,11.774477591073564,1.3432105389564422,63.73160636127779
300,standard,32,2097604343,9874143977,True,4463.9958043563,6.798627138137817,1240,True,4463.9958043563,0.0074079036712646484,4266,19.53305605791322,1.0,70.93295827473042
300,standard,33,3079800856,10945732686,True,1531.1524124570624,8.259343147277832,1546,True,2850.276343831078,0.006834983825683594,3835,21.23010743639175,0.5371943726688019,59.687092568448506
300,standard,34,3500178997,2521404887,True,34713.210171754574,141.99103093147278,24178,True,34231.921061192275,0.13555407524108887,71456,1.7159944529067126,1.014059658226658,66.16379310344827
300,standard,35,1931989766,3487796010,False,0,147.90214824676514,25274,True,23702.41753786974,0.12240791320800781,67925,-1,-1,62.79131394920869
300,standard,36,1278980981,2516860150,True,3265.9815055111712,7.460263967514038,1430,True,3265.930931552578,0.012129068374633789,4242,3.386537973851336,1.0000154853117391,66.28948609146629
300,standard,37,2516880342,3512815583,True,13619.058360432078,50.88640093803406,8852,True,13123.171063259244,0.0554959774017334,28861,0.0,1.0377871548562803,69.32885208412736
300,standard,38,6354396888,3487058837,False,0,0.0011870861053466797,0,True,12334.906235759785,0.08723092079162598,48294,-1,-1,100.0
300,standard,39,12615277928,12311365439,True,6163.258231573349,28.64966869354248,5090,True,4237.3214108094235,0.023064136505126953,12751,20.617937833446994,1.454517520396459,60.0815622304133
300,standard,40,11052131889,3487119302,True,13940.42777379378,106.89296293258667,18460,True,11678.174177617175,0.1041102409362793,54592,9.39159211163827,1.1937163773865032,66.18552168815943
300,standard,41,10779882929,3489575020,True,22007.602438233913,125.71473288536072,21514,True,20248.02707110546,0.11466598510742188,64510,6.523157991692295,1.0869010773716032,66.65013176251745
300,standard,42,1317084931,5053149016,False,0,148.03186678886414,25291,True,8002.133175212717,0.04879879951477051,27748,-1,-1,8.854692230070638
300,standard,43,3482124174,10956817020,True,16173.546110899402,103.32429385185242,17714,True,15278.397271634209,0.0970618724822998,53339,0.0,1.0585891846736517,66.78977858602524
300,standard,44,2302338802,10926041122,True,6570.405271286279,26.84750533103943,4621,True,6520.938491139169,0.027048826217651367,14928,0.0,1.0075858375622353,69.04474812433013
300,standard,45,4366629260,1278029480,True,1844.0386114878254,4.7243781089782715,814,True,1985.3397532844008,0.003972053527832031,2310,0.0,0.9288277275651097,64.76190476190476
300,standard,46,1832500249,3488934335,False,0,147.3432137966156,25248,True,3048.9446121560472,0.006206989288330078,3424,-1,-1,-637.3831775700935
300,standard,47,2515049090,1882601483,True,4949.567321206762,31.020326852798462,5450,True,4479.489183448038,0.028059959411621094,15676,0.0,1.1049401211851766,65.23347792804286
300,standard,48,5364240728,8626730293,True,3577.226752394132,3.7785391807556152,736,True,2846.936178753612,0.003480195999145508,2039,0.0,1.2565180698782792,63.90387444825896
300,standard,49,10302113554,3166114448,True,2223.895685415674,7.530798673629761,1345,True,1769.1215378799773,0.00462794303894043,2799,15.621469623806089,1.257062128179545,51.94712397284744
300,standard,50,9913833760,6084075960,True,4671.285740653043,19.179727792739868,3375,True,4407.24674216798,0.01853799819946289,9666,10.348495658223362,1.0599101919932847,65.08379888268156
300,standard,51,1124354005,1954497029,True,9506.138700813435,44.502583742141724,7610,True,5070.12981589228,0.025658845901489258,14403,3.238107010003614,1.8749300404531106,47.163785322502264
300,standard,52,3484823241,2194418722,True,17383.51768136558,87.41920590400696,15116,True,16062.399723279214,0.08537912368774414,46751,3.4266756124492472,1.082249102303915,67.66700177536309
300,standard,53,2331016912,1954532218,True,5886.479923397824,26.99456214904785,4737,True,3925.94031987883,0.00978994369506836,5650,6.997319191527507,1.499380898275984,16.15929203539823
300,standard,54,5100066222,11529704183,True,15812.966133074062,111.39961290359497,19050,True,15048.441553964956,0.10908985137939453,56985,1.7181934525707865,1.0508042361973138,66.57015003948408
300,standard,55,12597531704,3504112995,True,31896.345350182317,139.81983828544617,23800,True,30143.4761474437,0.1236727237701416,69434,1.9465475225142141,1.0581508646900788,65.72284471584527
300,standard,56,3484443455,6089506432,True,12317.961245524015,112.90549993515015,19412,True,11138.192755323578,0.10230803489685059,56770,8.450100932862139,1.105920997788134,65.80588338911397
300,standard,57,11007221469,728152153,True,6149.782946506086,35.4824903011322,6297,True,6158.924721310814,0.037782907485961914,21140,28.481893766057564,0.9985156865494563,70.21286660359507
300,standard,58,977632825,1950365695,True,8920.615856909886,47.39577913284302,8370,True,7787.789844565952,0.043686866760253906,24332,10.437711986702135,1.1454618107259764,65.60085484136118
300,standard,59,1887596102,11027577102,True,7836.157443298886,50.29890990257263,8568,True,6908.781869055859,0.041893959045410156,23125,8.717456764575191,1.1342314161627687,62.94918918918919
300,standard,60,1835462250,10962868704,True,7272.2387975020365,60.09235215187073,10613,True,7266.496643360606,0.06190776824951172,33051,16.271640505970765,1.0007902231877692,67.88901999939488
300,standard,61,1489359102,9999077133,True,2744.6195398011087,7.570143938064575,1324,True,2690.4380285619272,0.006328105926513672,3578,9.785174984104431,1.020138546461203,62.99608719955283
300,standard,62,2516767938,3487964537,True,1759.9550648068823,1.5600872039794922,315,True,1759.9550648068823,0.0016379356384277344,849,0.0,1.0,62.89752650176679
300,standard,63,3495873461,2169181533,True,11141.98760312395,106.72088289260864,18401,True,9591.714548408707,0.09637093544006348,53091,12.447454645008674,1.1616262709749257,65.34064153999736
300,standard,64,2521929457,7940914786,False,0,0.01226806640625,2,True,4504.1379791057025,0.021503925323486328,12111,-1,-1,99.98348608702831
300,standard,65,1835407695,3487210686,True,9470.376575102622,68.65660691261292,11960,True,8121.952377266135,0.06509995460510254,32385,3.0441631551828507,1.1660221748665767,63.06932221707581
300,standard,66,3092593576,2039616841,False,0,0.0012438297271728516,0,True,3367.430281246503,0.013966083526611328,7487,-1,-1,100.0
300,standard,67,3544247345,3512649781,False,0,0.0004210472106933594,0,True,29210.483487971123,0.08413481712341309,47375,-1,-1,100.0
300,standard,68,11107126643,2093231601,False,0,0.0011591911315917969,0,True,5694.584439160986,0.040780067443847656,22647,-1,-1,100.0
300,standard,69,2085592141,2172903345,False,0,0.0004649162292480469,0,True,4695.6842103856825,0.04199719429016113,22675,-1,-1,100.0
300,standard,70,3567339063,6091848381,True,2789.331875342636,6.820305109024048,1276,True,2789.331875342636,0.007809162139892578,3944,0.0,1.0,67.64705882352942
300,standard,71,3491211765,11939650698,True,27992.726645464103,130.6227388381958,22430,True,25860.85071583444,0.12613511085510254,66608,4.111399810604895,1.0824364191671516,66.32536632236368
300,standard,72,1124430100,2516891951,False,0,0.0016140937805175781,0,True,5544.630596600247,0.01948094367980957,10432,-1,-1,100.0
300,standard,73,2552348289,3504190682,True,12468.431675228368,85.49892091751099,14773,True,10178.563503392525,0.08416223526000977,40632,10.629933591343988,1.2249696797659737,63.641957078165
300,standard,74,3491211767,10749874175,True,27028.358590755946,130.63540196418762,22330,True,21613.690385195045,0.11591720581054688,65787,3.5217868067917433,1.2505203002847605,66.05712374785291
300,standard,75,1880051628,2523861482,True,7266.217026054566,36.68406295776367,6467,True,6714.570804972048,0.03236579895019531,17904,5.347685570399884,1.0821565870858092,63.8795799821269
300,standard,76,4631691578,3500528663,True,5331.380017699881,11.141289949417114,2038,True,4260.5725110028125,0.007850885391235352,4164,17.730572915054132,1.2513294877464796,51.056676272814606
300,standard,77,1832593971,1400078353,False,0,0.0019459724426269531,0,True,5848.563285898472,0.03331398963928223,18297,-1,-1,100.0
300,standard,78,2516924629,1883487759,True,10183.546647236148,63.727468729019165,11145,True,8487.288572024301,0.051325082778930664,28696,1.8071413119359052,1.1998586546006027,61.161834402007244
300,standard,79,3489882356,3491013122,True,15236.78417721932,34.18929481506348,6060,True,14264.508003154036,0.03172898292541504,17999,4.984016040507913,1.0681605123604896,66.33146285904772
300,standard,80,3505689863,2105153066,True,19224.318703832498,126.76539993286133,21736,True,18146.519985960334,0.11566901206970215,64662,7.922989976614285,1.0593942375015175,66.38520305589063
300,standard,81,3490991238,10115884297,True,8193.003366175108,15.065872192382812,2740,True,8058.700280693966,0.0146331787109375,8191,0.0,1.01666560125122,66.54865095836895
300,standard,82,1832594075,3489257082,True,9812.66572261273,71.49407267570496,12372,True,8776.587617349729,0.06557011604309082,35451,1.8754442848122204,1.1180502207047829,65.1011254971651
300,standard,83,1480927624,2191994431,True,8484.8801879375,61.153635025024414,10687,True,6775.2128029039795,0.04163694381713867,22801,5.179263309147359,1.2523415034728838,53.12924871716152
300,standard,84,2355854521,1957364523,True,19134.42551635177,115.94710516929626,19944,True,17343.716006890703,0.11233210563659668,61322,1.4199399324716027,1.1032483182237078,67.47659893676006
300,standard,85,1280126363,12065060516,True,6677.37665717324,46.82433819770813,7923,True,5032.852216051462,0.03689980506896973,20996,7.172801403950029,1.326757943711686,62.26424080777291
300,standard,86,1275274775,2169447682,False,0,0.0016880035400390625,0,True,5160.743235545743,0.03633928298950195,14725,-1,-1,100.0
300,standard,87,1835495789,5450241679,True,7642.035324241092,71.47611093521118,12330,True,6589.661233572702,0.05775284767150879,32150,10.647124117191302,1.1597007878503378,61.648522550544314
300,standard,88,5042508097,3488665239,True,2350.477053614569,3.4813051223754883,647,True,2350.477053614569,0.003834962844848633,2292,0.0,1.0,71.77137870855148
300,standard,89,3498388295,1124354329,True,6282.449408528001,33.21403408050537,5827,True,5764.636858519826,0.02990412712097168,16791,16.89678151114384,1.0898257015518464,65.29688523613841
300,standard,90,1979266939,11347926989,False,0,0.0012140274047851562,0,True,3986.371998713856,0.01800227165222168,10156,-1,-1,100.0
300,standard,91,1273478057,11052131865,False,0,0.0005168914794921875,0,True,5521.517183224158,0.05236101150512695,28855,-1,-1,100.0
300,standard,92,6098737553,3824958181,False,0,0.0006721019744873047,0,True,7842.25792345377,0.07011795043945312,38775,-1,-1,100.0
300,standard,93,12323021593,12854763032,True,9969.40113207111,85.33133006095886,14838,True,9099.711875562929,0.07818198204040527,42088,13.911506168507637,1.0955732740114237,64.74529557118419
300,standard,94,2115566297,1950493587,False,0,0.0008990764617919922,0,True,3939.679454469247,0.015249967575073242,8705,-1,-1,100.0
300,standard,95,3490877304,11850627647,True,8469.529107463992,24.326171159744263,4339,True,7752.258075303861,0.025636911392211914,14261,1.18949163632664,1.0925241426682013,69.57436364911295
300,standard,96,3318269307,3144158732,True,4104.534268239499,4.065917015075684,747,True,4104.534268239499,0.003874063491821289,2219,19.32458361757022,1.0,66.33618747183417
300,standard,97,1931372210,1832349710,True,7793.996724896835,54.20222616195679,9144,True,6917.771336875828,0.046504974365234375,25413,4.011712465982474,1.126662959116646,64.01841577145555
300,standard,98,6290088001,6072430239,False,0,0.002089977264404297,0,True,11162.64894542082,0.08579182624816895,45631,-1,-1,100.0
300,standard,99,2516868263,10636203372,False,0,0.0006072521209716797,0,True,3768.2669295074934,0.00848698616027832,4720,-1,-1,100.0
300,standard,100,2303826373,9469153932,True,4249.140824382803,22.456598043441772,3938,True,4249.140824382803,0.027158021926879883,15193,1.236352123953393,1.0,74.08016849865069
300,wide,1,3479168346,1273357595,False,0,0.4963259696960449,101,True,43152.91766419638,0.12800002098083496,71961,-1,-1,99.85964619724574
300,wide,2,2167631058,3481893581,False,0,0.0006330013275146484,0,True,22472.053753363212,0.11502909660339355,61773,-1,-1,100.0
300,wide,3,1832593795,8514323209,True,3415.992034547245,7.163696050643921,1299,True,3535.912141682475,0.00851893424987793,4642,37.01084532386503,0.9660850998751996,72.01637225333909
300,wide,4,3491107647,2236941346,False,0,0.0009989738464355469,0,True,20391.001670862293,0.12094306945800781,67562,-1,-1,100.0
300,wide,5,913498558,1835407716,False,0,0.0017859935760498047,0,True,11543.425949062115,0.06979680061340332,38864,-1,-1,100.0
300,wide,6,2168022200,1835496063,False,0,0.0011341571807861328,0,True,6385.529247118542,0.04369187355041504,24182,-1,-1,100.0
300,wide,7,8514323209,6094752669,False,0,0.0008649826049804688,0,True,3123.445754203857,0.011259078979492188,6169,-1,-1,100.0
300,wide,8,1274031326,3479110325,True,42991.412526664455,81.77629089355469,14161,True,38141.90871180438,0.12547612190246582,70954,9.819197802676221,1.127143710911332,80.04199904163261
300,wide,9,3517744265,3487889166,True,30411.85709035255,83.08340716362,14370,True,23559.36594958346,0.10921978950500488,62178,14.346252636929895,1.2908605925742345,76.88893177651259
300,wide,10,2185027111,268301695,True,10406.695098596278,41.75621700286865,7112,True,4619.871596220789,0.03505587577819824,19716,31.70299430435551,2.252594013026099,63.92777439642929
300,wide,11,10013324803,2169351529,False,0,0.002106904983520508,0,True,10152.10934614784,0.07305765151977539,40850,-1,-1,100.0
300,wide,12,8794963017,10901289719,True,14944.89180067162,70.73994374275208,12233,True,9094.873383307975,0.07888197898864746,43784,3.862474826818451,1.6432215349034232,72.0605700712589
300,wide,13,3501694602,2342125810,True,11440.576624773576,19.198500871658325,3461,True,7901.157960904627,0.015075922012329102,8336,5.73443272254407,1.4479620178943633,58.48128598848368
300,wide,14,1278041265,3491353855,True,21850.30263805655,88.49838900566101,15303,True,10574.38173731274,0.09882187843322754,45394,23.881018615156872,2.066343279527693,66.28849627704102
300,wide,15,3488053123,5524355240,True,4697.6464335121345,1.2212870121002197,240,True,3340.584919288161,0.0009071826934814453,441,0.0,1.4062347005126117,45.578231292517
300,wide,16,2599227046,2516912122,False,0,0.000576019287109375,0,True,6037.232259257358,0.03633403778076172,19095,-1,-1,100.0
300,wide,17,10944006998,3074602034,True,8376.461199068059,31.695953845977783,5536,True,7159.954913822352,0.05657219886779785,31359,39.752879271159884,1.1699041823429965,82.34637584106636
300,wide,18,3535737813,1835407915,False,0,0.0016770362854003906,0,True,8785.517344479193,0.05964183807373047,33219,-1,-1,100.0
300,wide,19,1832500331,10113638861,False,0,0.0004968643188476562,0,True,6368.89971489041,0.035917043685913086,20265,-1,-1,100.0
300,wide,20,10006667081,3925033990,False,0,0.0004489421844482422,0,True,3531.233524084723,0.016319990158081055,9271,-1,-1,100.0
300,wide,21,4515109737,11064139368,False,0,0.00022292137145996094,0,True,6662.158053345915,0.055139780044555664,30309,-1,-1,100.0
300,wide,22,3479147682,7070924830,False,0,0.0009157657623291016,0,True,63802.935593736765,0.13182902336120605,72322,-1,-1,100.0
300,wide,23,2519156446,977632822,False,0,0.0003809928894042969,0,True,2898.8331310202348,0.004133939743041992,2329,-1,-1,100.0
300,wide,24,2857860458,11056068705,True,4755.592029903908,14.235254764556885,2554,True,4577.784409459445,0.024567127227783203,13538,15.950511160940653,1.0388414142171145,81.13458413355002
300,wide,25,5068744258,11189424498,False,0,0.00024890899658203125,0,True,2499.7792933633473,0.009083032608032227,5101,-1,-1,100.0
300,wide,26,3498359660,9999912987,False,0,0.000637054443359375,0,True,9348.442354768467,0.08620691299438477,47973,-1,-1,100.0
300,wide,27,11977562724,3498398454,False,0,0.0006802082061767578,0,True,1612.6343155927375,0.0014109611511230469,829,-1,-1,100.0
300,wide,28,3497331305,11782247430,False,0,0.0010340213775634766,0,True,8482.52259862475,0.06870508193969727,34823,-1,-1,100.0
300,wide,29,3487075884,3495377502,False,0,0.00030803680419921875,0,True,17719.650811959036,0.09285569190979004,52244,-1,-1,100.0
300,wide,30,12772267800,5075056399,False,0,0.0007131099700927734,0,True,8671.480125660777,0.06672477722167969,36329,-1,-1,100.0
300,wide,31,268310357,3484264519,False,0,104.05533719062805,18067,True,12181.792292378419,0.09169888496398926,50493,-1,-1,64.21880260630186
300,wide,32,2097604343,9874143977,False,0,104.20214295387268,18087,True,4463.9958043563,0.0074079036712646484,4266,-1,-1,-323.98030942334736
300,wide,33,3079800856,10945732686,False,0,0.0011820793151855469,0,True,2850.276343831078,0.006834983825683594,3835,-1,-1,100.0
300,wide,34,3500178997,2521404887,False,0,103.86882996559143,18053,True,34231.921061192275,0.13555407524108887,71456,-1,-1,74.73550156739812
300,wide,35,1931989766,3487796010,False,0,0.0008771419525146484,0,True,23702.41753786974,0.12240791320800781,67925,-1,-1,100.0
300,wide,36,1278980981,2516860150,True,3581.655708654356,5.112067222595215,944,True,3265.930931552578,0.012129068374633789,4242,36.070084427341,1.0966722149729258,77.74634606317774
300,wide,37,2516880342,3512815583,True,16775.46984718266,30.387979984283447,5403,True,13123.171063259244,0.0554959774017334,28861,20.50201036018455,1.2783091652404581,81.27923495374381
300,wide,38,6354396888,3487058837,False,0,0.0002830028533935547,0,True,12334.906235759785,0.08723092079162598,48294,-1,-1,100.0
300,wide,39,12615277928,12311365439,True,21327.566096177434,80.99293804168701,13949,True,4237.3214108094235,0.023064136505126953,12751,18.148546836204538,5.033266072705915,-9.395341541839851
300,wide,40,11052131889,3487119302,False,0,0.00127410888671875,0,True,11678.174177617175,0.1041102409362793,54592,-1,-1,100.0
300,wide,41,10779882929,3489575020,False,0,0.0006988048553466797,0,True,20248.02707110546,0.11466598510742188,64510,-1,-1,100.0
300,wide,42,1317084931,5053149016,False,0,0.0006799697875976562,0,True,8002.133175212717,0.04879879951477051,27748,-1,-1,100.0
300,wide,43,3482124174,10956817020,True,16638.406766708602,45.46340894699097,7987,True,15278.397271634209,0.0970618724822998,53339,22.645790860940497,1.0890151938645671,85.02596599111345
300,wide,44,2302338802,10926041122,True,6570.405271286279,20.78245782852173,3519,True,6520.938491139169,0.027048826217651367,14928,16.101373253116037,1.0075858375622353,76.42684887459808
300,wide,45,4366629260,1278029480,True,2837.497261383381,6.751757860183716,1132,True,1985.3397532844008,0.003972053527832031,2310,19.601286183017955,1.4292250264415616,50.99567099567099
300,wide,46,1832500249,3488934335,False,0,0.0014190673828125,0,True,3048.9446121560472,0.006206989288330078,3424,-1,-1,100.0
300,wide,47,2515049090,1882601483,False,0,107.88368511199951,18777,True,4479.489183448038,0.028059959411621094,15676,-1,-1,-19.78183210002551
300,wide,48,5364240728,8626730293,False,0,103.84591817855835,18049,True,2846.936178753612,0.003480195999145508,2039,-1,-1,-785.1888180480628
300,wide,49,10302113554,3166114448,True,3572.3127073406413,6.555522918701172,1166,True,1769.1215378799773,0.00462794303894043,2799,14.454329433015998,2.0192579372593666,58.34226509467667
300,wide,50,9913833760,6084075960,True,23786.611842618895,84.10342288017273,14469,True,4407.24674216798,0.01853799819946289,9666,22.032830454735368,5.397159095957028,-49.689633767846054
300,wide,51,1124354005,1954497029,True,12424.922994815752,37.695578813552856,6490,True,5070.12981589228,0.025658845901489258,14403,34.63286673213704,2.450612399680563,54.93994306741651
300,wide,52,3484823241,2194418722,True,18793.97104134056,56.51341009140015,9798,True,16062.399723279214,0.08537912368774414,46751,10.181538399983072,1.170059976412023,79.04215952599944
300,wide,53,2331016912,1954532218,True,5943.332540719069,14.855499982833862,2655,True,3925.94031987883,0.00978994369506836,5650,34.66908435609743,1.513862172235594,53.00884955752212
300,wide,54,5100066222,11529704183,True,23561.30732055955,84.74525880813599,14678,True,15048.441553964956,0.10908985137939453,56985,17.32531866084327,1.5656975000412336,74.24234447661667
300,wide,55,12597531704,3504112995,True,34559.71754713876,82.38323402404785,14196,True,30143.4761474437,0.1236727237701416,69434,7.138147632897701,1.146507369557959,79.5546850246277
300,wide,56,3484443455,6089506432,False,0,104.00304532051086,18040,True,11138.192755323578,0.10230803489685059,56770,-1,-1,68.22265280958253
300,wide,57,11007221469,728152153,False,0,107.32888698577881,18755,True,6158.924721310814,0.037782907485961914,21140,-1,-1,11.281929990539263
300,wide,58,977632825,1950365695,False,0,0.0016469955444335938,0,True,7787.789844565952,0.043686866760253906,24332,-1,-1,100.0
300,wide,59,1887596102,11027577102,False,0,0.0008120536804199219,0,True,6908.781869055859,0.041893959045410156,23125,-1,-1,100.0
300,wide,60,1835462250,10962868704,False,0,0.0005879402160644531,0,True,7266.496643360606,0.06190776824951172,33051,-1,-1,100.0
300,wide,61,1489359102,9999077133,True,26030.514034427284,85.0393009185791,14686,True,2690.4380285619272,0.006328105926513672,3578,21.042269646884087,9.675195547373718,-310.45276690888767
300,wide,62,2516767938,3487964537,True,1759.9550648068823,1.1586523056030273,230,True,1759.9550648068823,0.0016379356384277344,849,40.89285017217556,1.0,72.9093050647821
300,wide,63,3495873461,2169181533,True,22366.38973566509,66.18354415893555,11571,True,9591.714548408707,0.09637093544006348,53091,18.087882690006147,2.3318448044698887,78.20534553879187
300,wide,64,2521929457,7940914786,False,0,0.0015861988067626953,0,True,4504.1379791057025,0.021503925323486328,12111,-1,-1,100.0
300,wide,65,1835407695,3487210686,False,0,0.0012159347534179688,0,True,8121.952377266135,0.06509995460510254,32385,-1,-1,100.0
300,wide,66,3092593576,2039616841,False,0,0.00010895729064941406,0,True,3367.430281246503,0.013966083526611328,7487,-1,-1,100.0
300,wide,67,3544247345,3512649781,False,0,0.00035309791564941406,0,True,29210.483487971123,0.08413481712341309,47375,-1,-1,100.0
300,wide,68,11107126643,2093231601,False,0,0.0008699893951416016,0,True,5694.584439160986,0.040780067443847656,22647,-1,-1,100.0
300,wide,69,2085592141,2172903345,False,0,0.00017881393432617188,0,True,4695.6842103856825,0.04199719429016113,22675,-1,-1,100.0
300,wide,70,3567339063,6091848381,True,2789.331875342636,5.244975805282593,976,True,2789.331875342636,0.007809162139892578,3944,0.0,1.0,75.25354969574036
300,wide,71,3491211765,11939650698,False,0,107.65830397605896,18752,True,25860.85071583444,0.12613511085510254,66608,-1,-1,71.84722555849147
300,wide,72,1124430100,2516891951,False,0,0.0015010833740234375,0,True,5544.630596600247,0.01948094367980957,10432,-1,-1,100.0
300,wide,73,2552348289,3504190682,False,0,0.0007679462432861328,0,True,10178.563503392525,0.08416223526000977,40632,-1,-1,100.0
300,wide,74,3491211767,10749874175,False,0,0.0010480880737304688,0,True,21613.690385195045,0.11591720581054688,65787,-1,-1,100.0
300,wide,75,1880051628,2523861482,True,15206.388024662408,59.246217012405396,10257,True,6714.570804972048,0.03236579895019531,17904,20.385300087133466,2.2646850359225175,42.71112600536193
300,wide,76,4631691578,3500528663,False,0,0.0016150474548339844,0,True,4260.5725110028125,0.007850885391235352,4164,-1,-1,100.0
300,wide,77,1832593971,1400078353,False,0,0.0011429786682128906,0,True,5848.563285898472,0.03331398963928223,18297,-1,-1,100.0
300,wide,78,2516924629,1883487759,False,0,0.0005939006805419922,0,True,8487.288572024301,0.051325082778930664,28696,-1,-1,100.0
300,wide,79,3489882356,3491013122,True,16179.479644621631,15.990018129348755,2921,True,14264.508003154036,0.03172898292541504,17999,1.1766740094051014,1.1342472969305477,83.77132062892383
300,wide,80,3505689863,2105153066,False,0,0.002093076705932617,0,True,18146.519985960334,0.11566901206970215,64662,-1,-1,100.0
300,wide,81,3490991238,10115884297,True,8193.003366175108,10.29918098449707,1890,True,8058.700280693966,0.0146331787109375,8191,23.054922167683518,1.01666560125122,76.9258942742034
300,wide,82,1832594075,3489257082,True,10921.418266604356,42.34383416175842,7357,True,8776.587617349729,0.06557011604309082,35451,23.114809431442747,1.244380930581116,79.24741192067924
300,wide,83,1480927624,2191994431,False,0,107.95242214202881,18754,True,6775.2128029039795,0.04163694381713867,22801,-1,-1,17.749221525371695
300,wide,84,2355854521,1957364523,False,0,108.1367859840393,18767,True,17343.716006890703,0.11233210563659668,61322,-1,-1,69.39597534326995
300,wide,85,1280126363,12065060516,True,8100.280651504075,35.19325590133667,5943,True,5032.852216051462,0.03689980506896973,20996,32.49983159658691,1.609481125964627,71.69460849685653
300,wide,86,1275274775,2169447682,False,0,0.0015606880187988281,0,True,5160.743235545743,0.03633928298950195,14725,-1,-1,100.0
300,wide,87,1835495789,5450241679,True,9339.160818280716,43.4710590839386,7464,True,6589.661233572702,0.05775284767150879,32150,32.42287234042427,1.4172444511563038,76.78382581648523
300,wide,88,5042508097,3488665239,True,2857.631319119138,3.3789350986480713,650,True,2350.477053614569,0.003834962844848633,2292,41.76097366413817,1.2157665248102152,71.64048865619546
300,wide,89,3498388295,1124354329,False,0,0.0006248950958251953,0,True,5764.636858519826,0.02990412712097168,16791,-1,-1,100.0
300,wide,90,1979266939,11347926989,False,0,0.0013098716735839844,0,True,3986.371998713856,0.01800227165222168,10156,-1,-1,100.0
300,wide,91,1273478057,11052131865,False,0,0.00045299530029296875,0,True,5521.517183224158,0.05236101150512695,28855,-1,-1,100.0
300,wide,92,6098737553,3824958181,False,0,0.0003540515899658203,0,True,7842.25792345377,0.07011795043945312,38775,-1,-1,100.0
300,wide,93,12323021593,12854763032,True,18021.7895426716,78.22377490997314,13536,True,9099.711875562929,0.07818198204040527,42088,17.041387374608384,1.980479139242717,67.83881391370463
300,wide,94,2115566297,1950493587,False,0,0.0008242130279541016,0,True,3939.679454469247,0.015249967575073242,8705,-1,-1,100.0
300,wide,95,3490877304,11850627647,False,0,104.27256798744202,18039,True,7752.258075303861,0.025636911392211914,14261,-1,-1,-26.491830867400612
300,wide,96,3318269307,3144158732,True,3427.919516215069,2.9338319301605225,529,True,4104.534268239499,0.003874063491821289,2219,11.475373890542203,0.8351543176871462,76.1604326273096
300,wide,97,1931372210,1832349710,True,8207.604035497172,37.131458044052124,6292,True,6917.771336875828,0.046504974365234375,25413,41.66651129910476,1.1864520574344182,75.24101837642152
300,wide,98,6290088001,6072430239,False,0,0.0015511512756347656,0,True,11162.64894542082,0.08579182624816895,45631,-1,-1,100.0
300,wide,99,2516868263,10636203372,False,0,0.0005898475646972656,0,True,3768.2669295074934,0.00848698616027832,4720,-1,-1,100.0
300,wide,100,2303826373,9469153932,False,0,0.0010941028594970703,0,True,4249.140824382803,0.027158021926879883,15193,-1,-1,100.0
300,very_wide,1,3479168346,1273357595,False,0,0.0009150505065917969,0,True,43152.91766419638,0.12800002098083496,71961,-1,-1,100.0
300,very_wide,2,2167631058,3481893581,False,0,0.00030612945556640625,0,True,22472.053753363212,0.11502909660339355,61773,-1,-1,100.0
300,very_wide,3,1832593795,8514323209,False,0,0.0004341602325439453,0,True,3535.912141682475,0.00851893424987793,4642,-1,-1,100.0
300,very_wide,4,3491107647,2236941346,False,0,0.0006818771362304688,0,True,20391.001670862293,0.12094306945800781,67562,-1,-1,100.0
300,very_wide,5,913498558,1835407716,False,0,0.00022101402282714844,0,True,11543.425949062115,0.06979680061340332,38864,-1,-1,100.0
300,very_wide,6,2168022200,1835496063,False,0,0.0006487369537353516,0,True,6385.529247118542,0.04369187355041504,24182,-1,-1,100.0
300,very_wide,7,8514323209,6094752669,False,0,0.0005960464477539062,0,True,3123.445754203857,0.011259078979492188,6169,-1,-1,100.0
300,very_wide,8,1274031326,3479110325,False,0,0.00014090538024902344,0,True,38141.90871180438,0.12547612190246582,70954,-1,-1,100.0
300,very_wide,9,3517744265,3487889166,False,0,0.0003108978271484375,0,True,23559.36594958346,0.10921978950500488,62178,-1,-1,100.0
300,very_wide,10,2185027111,268301695,False,0,0.0005698204040527344,0,True,4619.871596220789,0.03505587577819824,19716,-1,-1,100.0
300,very_wide,11,10013324803,2169351529,False,0,0.0003600120544433594,0,True,10152.10934614784,0.07305765151977539,40850,-1,-1,100.0
300,very_wide,12,8794963017,10901289719,False,0,0.0006382465362548828,0,True,9094.873383307975,0.07888197898864746,43784,-1,-1,100.0
300,very_wide,13,3501694602,2342125810,False,0,13.377951860427856,2389,True,7901.157960904627,0.015075922012329102,8336,-1,-1,71.3411708253359
300,very_wide,14,1278041265,3491353855,False,0,0.0010602474212646484,0,True,10574.38173731274,0.09882187843322754,45394,-1,-1,100.0
300,very_wide,15,3488053123,5524355240,True,4697.6464335121345,1.0777530670166016,209,True,3340.584919288161,0.0009071826934814453,441,29.832817584468884,1.4062347005126117,52.6077097505669
300,very_wide,16,2599227046,2516912122,False,0,0.0005400180816650391,0,True,6037.232259257358,0.03633403778076172,19095,-1,-1,100.0
300,very_wide,17,10944006998,3074602034,False,0,0.0001678466796875,0,True,7159.954913822352,0.05657219886779785,31359,-1,-1,100.0
300,very_wide,18,3535737813,1835407915,False,0,0.00015783309936523438,0,True,8785.517344479193,0.05964183807373047,33219,-1,-1,100.0
300,very_wide,19,1832500331,10113638861,False,0,0.00015687942504882812,0,True,6368.89971489041,0.035917043685913086,20265,-1,-1,100.0
300,very_wide,20,10006667081,3925033990,False,0,0.0006492137908935547,0,True,3531.233524084723,0.016319990158081055,9271,-1,-1,100.0
300,very_wide,21,4515109737,11064139368,False,0,0.00038814544677734375,0,True,6662.158053345915,0.055139780044555664,30309,-1,-1,100.0
300,very_wide,22,3479147682,7070924830,False,0,0.0006659030914306641,0,True,63802.935593736765,0.13182902336120605,72322,-1,-1,100.0
300,very_wide,23,2519156446,977632822,False,0,0.00010180473327636719,0,True,2898.8331310202348,0.004133939743041992,2329,-1,-1,100.0
300,very_wide,24,2857860458,11056068705,False,0,0.00015807151794433594,0,True,4577.784409459445,0.024567127227783203,13538,-1,-1,100.0
300,very_wide,25,5068744258,11189424498,False,0,0.00011014938354492188,0,True,2499.7792933633473,0.009083032608032227,5101,-1,-1,100.0
300,very_wide,26,3498359660,9999912987,False,0,0.0006361007690429688,0,True,9348.442354768467,0.08620691299438477,47973,-1,-1,100.0
300,very_wide,27,11977562724,3498398454,False,0,0.0001652240753173828,0,True,1612.6343155927375,0.0014109611511230469,829,-1,-1,100.0
300,very_wide,28,3497331305,11782247430,False,0,0.0002048015594482422,0,True,8482.52259862475,0.06870508193969727,34823,-1,-1,100.0
300,very_wide,29,3487075884,3495377502,False,0,0.00014400482177734375,0,True,17719.650811959036,0.09285569190979004,52244,-1,-1,100.0
300,very_wide,30,12772267800,5075056399,False,0,0.0006730556488037109,0,True,8671.480125660777,0.06672477722167969,36329,-1,-1,100.0
300,very_wide,31,268310357,3484264519,False,0,0.0004551410675048828,0,True,12181.792292378419,0.09169888496398926,50493,-1,-1,100.0
300,very_wide,32,2097604343,9874143977,False,0,0.0003497600555419922,0,True,4463.9958043563,0.0074079036712646484,4266,-1,-1,100.0
300,very_wide,33,3079800856,10945732686,False,0,0.0005679130554199219,0,True,2850.276343831078,0.006834983825683594,3835,-1,-1,100.0
300,very_wide,34,3500178997,2521404887,False,0,0.06292414665222168,12,True,34231.921061192275,0.13555407524108887,71456,-1,-1,99.98320644872369
300,very_wide,35,1931989766,3487796010,False,0,0.0003600120544433594,0,True,23702.41753786974,0.12240791320800781,67925,-1,-1,100.0
300,very_wide,36,1278980981,2516860150,False,0,0.0003719329833984375,0,True,3265.930931552578,0.012129068374633789,4242,-1,-1,100.0
300,very_wide,37,2516880342,3512815583,False,0,0.00021004676818847656,0,True,13123.171063259244,0.0554959774017334,28861,-1,-1,100.0
300,very_wide,38,6354396888,3487058837,False,0,9.489059448242188e-05,0,True,12334.906235759785,0.08723092079162598,48294,-1,-1,100.0
300,very_wide,39,12615277928,12311365439,False,0,0.00044417381286621094,0,True,4237.3214108094235,0.023064136505126953,12751,-1,-1,100.0
300,very_wide,40,11052131889,3487119302,False,0,0.00010800361633300781,0,True,11678.174177617175,0.1041102409362793,54592,-1,-1,100.0
300,very_wide,41,10779882929,3489575020,False,0,0.00010585784912109375,0,True,20248.02707110546,0.11466598510742188,64510,-1,-1,100.0
300,very_wide,42,1317084931,5053149016,False,0,0.00016999244689941406,0,True,8002.133175212717,0.04879879951477051,27748,-1,-1,100.0
300,very_wide,43,3482124174,10956817020,False,0,11.862101078033447,2086,True,15278.397271634209,0.0970618724822998,53339,-1,-1,96.08916552616284
300,very_wide,44,2302338802,10926041122,False,0,0.0008058547973632812,0,True,6520.938491139169,0.027048826217651367,14928,-1,-1,100.0
300,very_wide,45,4366629260,1278029480,False,0,0.0008041858673095703,0,True,1985.3397532844008,0.003972053527832031,2310,-1,-1,100.0
300,very_wide,46,1832500249,3488934335,False,0,0.00028395652770996094,0,True,3048.9446121560472,0.006206989288330078,3424,-1,-1,100.0
300,very_wide,47,2515049090,1882601483,False,0,0.00015306472778320312,0,True,4479.489183448038,0.028059959411621094,15676,-1,-1,100.0
300,very_wide,48,5364240728,8626730293,False,0,0.00011205673217773438,0,True,2846.936178753612,0.003480195999145508,2039,-1,-1,100.0
300,very_wide,49,10302113554,3166114448,False,0,0.00017070770263671875,0,True,1769.1215378799773,0.00462794303894043,2799,-1,-1,100.0
300,very_wide,50,9913833760,6084075960,False,0,0.00010371208190917969,0,True,4407.24674216798,0.01853799819946289,9666,-1,-1,100.0
300,very_wide,51,1124354005,1954497029,False,0,0.0006310939788818359,0,True,5070.12981589228,0.025658845901489258,14403,-1,-1,100.0
300,very_wide,52,3484823241,2194418722,False,0,0.0007388591766357422,0,True,16062.399723279214,0.08537912368774414,46751,-1,-1,100.0
300,very_wide,53,2331016912,1954532218,False,0,0.0006830692291259766,0,True,3925.94031987883,0.00978994369506836,5650,-1,-1,100.0
300,very_wide,54,5100066222,11529704183,False,0,0.0001621246337890625,0,True,15048.441553964956,0.10908985137939453,56985,-1,-1,100.0
300,very_wide,55,12597531704,3504112995,False,0,0.00014972686767578125,0,True,30143.4761474437,0.1236727237701416,69434,-1,-1,100.0
300,very_wide,56,3484443455,6089506432,False,0,0.0007588863372802734,0,True,11138.192755323578,0.10230803489685059,56770,-1,-1,100.0
300,very_wide,57,11007221469,728152153,False,0,9.179115295410156e-05,0,True,6158.924721310814,0.037782907485961914,21140,-1,-1,100.0
300,very_wide,58,977632825,1950365695,False,0,0.00021600723266601562,0,True,7787.789844565952,0.043686866760253906,24332,-1,-1,100.0
300,very_wide,59,1887596102,11027577102,False,0,0.0001800060272216797,0,True,6908.781869055859,0.041893959045410156,23125,-1,-1,100.0
300,very_wide,60,1835462250,10962868704,False,0,0.0001671314239501953,0,True,7266.496643360606,0.06190776824951172,33051,-1,-1,100.0
300,very_wide,61,1489359102,9999077133,False,0,0.00023293495178222656,0,True,2690.4380285619272,0.006328105926513672,3578,-1,-1,100.0
300,very_wide,62,2516767938,3487964537,False,0,0.00024700164794921875,0,True,1759.9550648068823,0.0016379356384277344,849,-1,-1,100.0
300,very_wide,63,3495873461,2169181533,False,0,0.00014519691467285156,0,True,9591.714548408707,0.09637093544006348,53091,-1,-1,100.0
300,very_wide,64,2521929457,7940914786,False,0,0.0002269744873046875,0,True,4504.1379791057025,0.021503925323486328,12111,-1,-1,100.0
300,very_wide,65,1835407695,3487210686,False,0,0.0003540515899658203,0,True,8121.952377266135,0.06509995460510254,32385,-1,-1,100.0
300,very_wide,66,3092593576,2039616841,False,0,0.00021791458129882812,0,True,3367.430281246503,0.013966083526611328,7487,-1,-1,100.0
300,very_wide,67,3544247345,3512649781,False,0,0.00012087821960449219,0,True,29210.483487971123,0.08413481712341309,47375,-1,-1,100.0
300,very_wide,68,11107126643,2093231601,False,0,0.0004572868347167969,0,True,5694.584439160986,0.040780067443847656,22647,-1,-1,100.0
300,very_wide,69,2085592141,2172903345,False,0,0.00015616416931152344,0,True,4695.6842103856825,0.04199719429016113,22675,-1,-1,100.0
300,very_wide,70,3567339063,6091848381,False,0,1.4990777969360352,270,True,2789.331875342636,0.007809162139892578,3944,-1,-1,93.15415821501014
300,very_wide,71,3491211765,11939650698,False,0,0.0005900859832763672,0,True,25860.85071583444,0.12613511085510254,66608,-1,-1,100.0
300,very_wide,72,1124430100,2516891951,False,0,0.00010275840759277344,0,True,5544.630596600247,0.01948094367980957,10432,-1,-1,100.0
300,very_wide,73,2552348289,3504190682,False,0,9.870529174804688e-05,0,True,10178.563503392525,0.08416223526000977,40632,-1,-1,100.0
300,very_wide,74,3491211767,10749874175,False,0,0.0004870891571044922,0,True,21613.690385195045,0.11591720581054688,65787,-1,-1,100.0
300,very_wide,75,1880051628,2523861482,False,0,0.00015306472778320312,0,True,6714.570804972048,0.03236579895019531,17904,-1,-1,100.0
300,very_wide,76,4631691578,3500528663,False,0,0.00010704994201660156,0,True,4260.5725110028125,0.007850885391235352,4164,-1,-1,100.0
300,very_wide,77,1832593971,1400078353,False,0,0.0005247592926025391,0,True,5848.563285898472,0.03331398963928223,18297,-1,-1,100.0
300,very_wide,78,2516924629,1883487759,False,0,0.00023889541625976562,0,True,8487.288572024301,0.051325082778930664,28696,-1,-1,100.0
300,very_wide,79,3489882356,3491013122,False,0,0.0007600784301757812,0,True,14264.508003154036,0.03172898292541504,17999,-1,-1,100.0
300,very_wide,80,3505689863,2105153066,False,0,0.0007622241973876953,0,True,18146.519985960334,0.11566901206970215,64662,-1,-1,100.0
300,very_wide,81,3490991238,10115884297,False,0,0.0011889934539794922,0,True,8058.700280693966,0.0146331787109375,8191,-1,-1,100.0
300,very_wide,82,1832594075,3489257082,False,0,0.00013303756713867188,0,True,8776.587617349729,0.06557011604309082,35451,-1,-1,100.0
300,very_wide,83,1480927624,2191994431,False,0,0.0006029605865478516,0,True,6775.2128029039795,0.04163694381713867,22801,-1,-1,100.0
300,very_wide,84,2355854521,1957364523,False,0,0.0007517337799072266,0,True,17343.716006890703,0.11233210563659668,61322,-1,-1,100.0
300,very_wide,85,1280126363,12065060516,False,0,0.00038909912109375,0,True,5032.852216051462,0.03689980506896973,20996,-1,-1,100.0
300,very_wide,86,1275274775,2169447682,False,0,0.0001049041748046875,0,True,5160.743235545743,0.03633928298950195,14725,-1,-1,100.0
300,very_wide,87,1835495789,5450241679,False,0,0.0002689361572265625,0,True,6589.661233572702,0.05775284767150879,32150,-1,-1,100.0
300,very_wide,88,5042508097,3488665239,False,0,0.00010609626770019531,0,True,2350.477053614569,0.003834962844848633,2292,-1,-1,100.0
300,very_wide,89,3498388295,1124354329,False,0,0.0001990795135498047,0,True,5764.636858519826,0.02990412712097168,16791,-1,-1,100.0
300,very_wide,90,1979266939,11347926989,False,0,0.00015497207641601562,0,True,3986.371998713856,0.01800227165222168,10156,-1,-1,100.0
300,very_wide,91,1273478057,11052131865,False,0,0.00015807151794433594,0,True,5521.517183224158,0.05236101150512695,28855,-1,-1,100.0
300,very_wide,92,6098737553,3824958181,False,0,0.0003399848937988281,0,True,7842.25792345377,0.07011795043945312,38775,-1,-1,100.0
300,very_wide,93,12323021593,12854763032,False,0,0.00013589859008789062,0,True,9099.711875562929,0.07818198204040527,42088,-1,-1,100.0
300,very_wide,94,2115566297,1950493587,False,0,0.0001239776611328125,0,True,3939.679454469247,0.015249967575073242,8705,-1,-1,100.0
300,very_wide,95,3490877304,11850627647,False,0,0.0006420612335205078,0,True,7752.258075303861,0.025636911392211914,14261,-1,-1,100.0
300,very_wide,96,3318269307,3144158732,False,0,0.0006661415100097656,0,True,4104.534268239499,0.003874063491821289,2219,-1,-1,100.0
300,very_wide,97,1931372210,1832349710,False,0,0.00013899803161621094,0,True,6917.771336875828,0.046504974365234375,25413,-1,-1,100.0
300,very_wide,98,6290088001,6072430239,False,0,0.0001418590545654297,0,True,11162.64894542082,0.08579182624816895,45631,-1,-1,100.0
300,very_wide,99,2516868263,10636203372,False,0,0.00021791458129882812,0,True,3768.2669295074934,0.00848698616027832,4720,-1,-1,100.0
300,very_wide,100,2303826373,9469153932,False,0,0.00015592575073242188,0,True,4249.140824382803,0.027158021926879883,15193,-1,-1,100.0
500,tight,1,3479168346,1273357595,True,47443.11960490901,246.7870728969574,25501,True,43152.91766419638,0.12800002098083496,71961,2.485562862412561,1.099418583329585,64.56274926696405
500,tight,2,2167631058,3481893581,True,25144.468890587897,218.77358293533325,22485,True,22472.053753363212,0.11502909660339355,61773,4.5685523842581715,1.118921713455973,63.60060220484678
500,tight,3,1832593795,8514323209,True,3508.676022290166,20.028290033340454,2205,True,3535.912141682475,0.00851893424987793,4642,0.0,0.9922972861595625,52.4989228780698
500,tight,4,3491107647,2236941346,True,22465.256578857603,232.05707693099976,23982,True,20391.001670862293,0.12094306945800781,67562,7.221346349827041,1.101724032074369,64.50371510612473
500,tight,5,913498558,1835407716,True,12613.680170797084,134.44846296310425,14061,True,11543.425949062115,0.06979680061340332,38864,3.0595767200878794,1.0927154751507655,63.81998764923837
500,tight,6,2168022200,1835496063,True,6385.529247118542,75.25727009773254,7943,True,6385.529247118542,0.04369187355041504,24182,0.0,1.0,67.15325448680838
500,tight,7,8514323209,6094752669,True,3123.445754203857,17.699726104736328,2033,True,3123.445754203857,0.011259078979492188,6169,0.0,1.0,67.04490192899983
500,tight,8,1274031326,3479110325,True,41032.90674298718,244.0388662815094,25206,True,38141.90871180438,0.12547612190246582,70954,4.565111902216983,1.075795840554987,64.47557572511768
500,tight,9,3517744265,3487889166,True,27553.233287724528,215.63862705230713,22288,True,23559.36594958346,0.10921978950500488,62178,6.8810909266852125,1.1695235494320118,64.15452410820548
500,tight,10,2185027111,268301695,True,4475.749943460541,59.88681221008301,6298,True,4619.871596220789,0.03505587577819824,19716,3.5252265491150583,0.9688039700328155,68.056400892676
500,tight,11,10013324803,2169351529,True,11175.971779270327,136.9007670879364,14356,True,10152.10934614784,0.07305765151977539,40850,5.785258717820137,1.1008521872856882,64.85679314565483
500,tight,12,8794963017,10901289719,True,9302.703701027476,153.57981085777283,16062,True,9094.873383307975,0.07888197898864746,43784,4.347479060628461,1.0228513701027369,63.315366343869904
500,tight,13,3501694602,2342125810,True,8389.371754155209,33.09847116470337,3600,True,7901.157960904627,0.015075922012329102,8336,0.0,1.061790157299258,56.813819577735124
500,tight,14,1278041265,3491353855,True,11215.23396723527,161.89684891700745,16888,True,10574.38173731274,0.09882187843322754,45394,2.634618679037911,1.060604226879877,62.796845398070225
500,tight,15,3488053123,5524355240,True,3340.584919288161,1.5802879333496094,197,True,3340.584919288161,0.0009071826934814453,441,0.0,1.0,55.32879818594104
500,tight,16,2599227046,2516912122,True,7786.4960732877535,66.05100607872009,6998,True,6037.232259257358,0.03633403778076172,19095,18.14617135405907,1.289745986059773,63.35166273893689
500,tight,17,10944006998,3074602034,False,0,0.0013523101806640625,0,True,7159.954913822352,0.05657219886779785,31359,-1,-1,100.0
500,tight,18,3535737813,1835407915,False,0,254.38964295387268,26234,True,8785.517344479193,0.05964183807373047,33219,-1,-1,21.02712303199976
500,tight,19,1832500331,10113638861,False,0,0.0029680728912353516,0,True,6368.89971489041,0.035917043685913086,20265,-1,-1,100.0
500,tight,20,10006667081,3925033990,True,4170.085734088194,38.32137393951416,4014,True,3531.233524084723,0.016319990158081055,9271,15.50469038025012,1.180914744280204,56.70369970876927
500,tight,21,4515109737,11064139368,True,6680.898738182687,85.95674204826355,9107,True,6662.158053345915,0.055139780044555664,30309,2.0395311409432826,1.0028130051383817,69.95281929459895
500,tight,22,3479147682,7070924830,False,0,255.0635850429535,26359,True,63802.935593736765,0.13182902336120605,72322,-1,-1,63.553275628439486
500,tight,23,2519156446,977632822,True,5550.668492480438,20.185347080230713,2185,True,2898.8331310202348,0.004133939743041992,2329,8.173299784203692,1.9147940711326485,6.182911120652646
500,tight,24,2857860458,11056068705,True,4648.902311630671,41.641956090927124,4502,True,4577.784409459445,0.024567127227783203,13538,0.0,1.0155354415608278,66.74545723149653
500,tight,25,5068744258,11189424498,True,2519.306607217667,15.055893659591675,1645,True,2499.7792933633473,0.009083032608032227,5101,0.0,1.0078116151718526,67.75142128994315
500,tight,26,3498359660,9999912987,True,14849.451321016937,178.91887211799622,18658,True,9348.442354768467,0.08620691299438477,47973,4.632889561080817,1.5884412351799448,61.10728951701999
500,tight,27,11977562724,3498398454,True,1804.4789250686072,2.626649856567383,308,True,1612.6343155927375,0.0014109611511230469,829,16.5489637000102,1.1189634919838325,62.84680337756333
500,tight,28,3497331305,11782247430,True,9309.195063885263,117.40538692474365,12130,True,8482.52259862475,0.06870508193969727,34823,8.418958973523232,1.0974559696893162,65.16670016942825
500,tight,29,3487075884,3495377502,True,18211.23258066912,165.0482268333435,17107,True,17719.650811959036,0.09285569190979004,52244,6.290417460452008,1.0277421814869123,67.25557001760968
500,tight,30,12772267800,5075056399,False,0,0.0018951892852783203,0,True,8671.480125660777,0.06672477722167969,36329,-1,-1,100.0
500,tight,31,268310357,3484264519,True,15968.467978510407,191.84588718414307,20067,True,12181.792292378419,0.09169888496398926,50493,5.387620385061233,1.3108471721768835,60.25785752480542
500,tight,32,2097604343,9874143977,True,4463.9958043563,14.439443111419678,1609,True,4463.9958043563,0.0074079036712646484,4266,0.0,1.0,62.28316924519457
500,tight,33,3079800856,10945732686,True,3284.5214364177286,16.844887018203735,1855,True,2850.276343831078,0.006834983825683594,3835,0.0,1.152351926691774,51.62972620599739
500,tight,34,3500178997,2521404887,True,43851.25901852934,246.35251307487488,25424,True,34231.921061192275,0.13555407524108887,71456,3.027423867059903,1.2810049117647162,64.42006269592476
500,tight,35,1931989766,3487796010,True,27578.850125468853,233.14340615272522,23998,True,23702.41753786974,0.12240791320800781,67925,6.195998114583226,1.1635458738082591,64.66985645933015
500,tight,36,1278980981,2516860150,False,0,0.0018239021301269531,0,True,3265.930931552578,0.012129068374633789,4242,-1,-1,100.0
500,tight,37,2516880342,3512815583,True,16190.255674435712,100.24957013130188,10607,True,13123.171063259244,0.0554959774017334,28861,2.6720153025929796,1.233715204685805,63.24798170541561
500,tight,38,6354396888,3487058837,False,0,0.0014033317565917969,0,True,12334.906235759785,0.08723092079162598,48294,-1,-1,100.0
500,tight,39,12615277928,12311365439,True,6708.7070687491605,53.56655311584473,5705,True,4237.3214108094235,0.023064136505126953,12751,0.0,1.5832424350995,55.258411105011376
500,tight,40,11052131889,3487119302,True,12978.447240377121,192.20071506500244,19960,True,11678.174177617175,0.1041102409362793,54592,3.1161901572959394,1.1113421535750083,63.437866354044544
500,tight,41,10779882929,3489575020,True,21963.93161179788,221.6379897594452,22877,True,20248.02707110546,0.11466598510742188,64510,4.3614718381200515,1.084744283216663,64.53728104169896
500,tight,42,1317084931,5053149016,True,9978.109516433587,104.56934666633606,10856,True,8002.133175212717,0.04879879951477051,27748,5.6705682259226755,1.2469311992134327,60.87645956465331
500,tight,43,3482124174,10956817020,True,17576.330732166232,191.35016918182373,19813,True,15278.397271634209,0.0970618724822998,53339,3.5970832875004217,1.1504040914552178,62.85457170175669
500,tight,44,2302338802,10926041122,True,6897.226948344655,48.11848711967468,5018,True,6520.938491139169,0.027048826217651367,14928,4.318214792490493,1.0577046475314553,66.38531618435155
500,tight,45,4366629260,1278029480,True,2345.2702976246155,7.071603298187256,771,True,1985.3397532844008,0.003972053527832031,2310,0.0,1.181294180880009,66.62337662337663
500,tight,46,1832500249,3488934335,True,5712.568050461581,35.687281131744385,3844,True,3048.9446121560472,0.006206989288330078,3424,11.205736522682534,1.8736214582861723,-12.266355140186924
500,tight,47,2515049090,1882601483,False,0,0.00220489501953125,0,True,4479.489183448038,0.028059959411621094,15676,-1,-1,100.0
500,tight,48,5364240728,8626730293,True,2846.936178753612,6.036423921585083,690,True,2846.936178753612,0.003480195999145508,2039,13.027291807279667,1.0,66.15988229524277
500,tight,49,10302113554,3166114448,True,2192.938514572842,9.90347695350647,1082,True,1769.1215378799773,0.00462794303894043,2799,7.482427457320171,1.2395635164787744,61.34333690603787
500,tight,50,9913833760,6084075960,True,4407.24674216798,30.262254238128662,3223,True,4407.24674216798,0.01853799819946289,9666,3.590768866929183,1.0,66.65632112559487
500,tight,51,1124354005,1954497029,True,7258.248872991428,58.76197409629822,6246,True,5070.12981589228,0.025658845901489258,14403,4.496983719065087,1.4315706178253083,56.63403457612996
500,tight,52,3484823241,2194418722,True,18911.505503271663,165.94896602630615,17284,True,16062.399723279214,0.08537912368774414,46751,3.6378407613274772,1.1773773426808227,63.0296678145922
500,tight,53,2331016912,1954532218,True,4156.2387996859015,19.020287036895752,2078,True,3925.94031987883,0.00978994369506836,5650,0.0,1.0586607184630303,63.22123893805309
500,tight,54,5100066222,11529704183,True,15609.726923009383,188.3128719329834,19522,True,15048.441553964956,0.10908985137939453,56985,4.045201352797437,1.0372985712195917,65.74186189348075
500,tight,55,12597531704,3504112995,True,31282.471286504595,235.98461413383484,24240,True,30143.4761474437,0.1236727237701416,69434,5.315325578598039,1.037785792636842,65.08914940807098
500,tight,56,3484443455,6089506432,True,13850.886684046018,194.9426121711731,20191,True,11138.192755323578,0.10230803489685059,56770,4.736507307749287,1.2435488403112693,64.43367976043686
500,tight,57,11007221469,728152153,True,6010.797071048064,71.21707892417908,7480,True,6158.924721310814,0.037782907485961914,21140,4.704262236949209,0.9759491052471861,64.61684011352887
500,tight,58,977632825,1950365695,True,9039.289891726738,88.3196051120758,9292,True,7787.789844565952,0.043686866760253906,24332,4.82332709927184,1.1607002849510684,61.811606115403585
500,tight,59,1887596102,11027577102,False,0,0.0023310184478759766,0,True,6908.781869055859,0.041893959045410156,23125,-1,-1,100.0
500,tight,60,1835462250,10962868704,True,7288.132606578594,106.69755983352661,11222,True,7266.496643360606,0.06190776824951172,33051,2.4675919642215702,1.002977495797477,66.04641311911894
500,tight,61,1489359102,9999077133,False,0,0.0017817020416259766,0,True,2690.4380285619272,0.006328105926513672,3578,-1,-1,100.0
500,tight,62,2516767938,3487964537,True,1759.9550648068823,2.8248000144958496,347,True,1759.9550648068823,0.0016379356384277344,849,0.0,1.0,59.1283863368669
500,tight,63,3495873461,2169181533,False,0,0.0035398006439208984,0,True,9591.714548408707,0.09637093544006348,53091,-1,-1,100.0
500,tight,64,2521929457,7940914786,True,4746.858609619449,38.979397773742676,4162,True,4504.1379791057025,0.021503925323486328,12111,1.247605048993267,1.0538883647969282,65.63454710593675
500,tight,65,1835407695,3487210686,True,9547.461937340833,126.61489701271057,12206,True,8121.952377266135,0.06509995460510254,32385,8.70351257243242,1.1755131640595173,62.30971128608924
500,tight,66,3092593576,2039616841,True,4190.137403133087,30.915234804153442,3141,True,3367.430281246503,0.013966083526611328,7487,17.943259663124998,1.244313037887765,58.04728195538934
500,tight,67,3544247345,3512649781,True,32014.214922663563,172.79367399215698,16661,True,29210.483487971123,0.08413481712341309,47375,2.5305987319129097,1.095983739394352,64.83166226912928
500,tight,68,11107126643,2093231601,True,6701.922162770356,90.41738986968994,8862,True,5694.584439160986,0.040780067443847656,22647,3.313795061325343,1.1768939831117486,60.868989270102006
500,tight,69,2085592141,2172903345,True,4771.716421683963,67.50307703018188,6796,True,4695.6842103856825,0.04199719429016113,22675,5.285052666193762,1.0161919345279047,70.02866593164279
500,tight,70,3567339063,6091848381,True,2839.2803912272147,14.503507137298584,1530,True,2789.331875342636,0.007809162139892578,3944,0.0,1.0179069820719857,61.206896551724135
500,tight,71,3491211765,11939650698,True,28106.074728783522,246.49643993377686,23756,True,25860.85071583444,0.12613511085510254,66608,5.956956693744591,1.0868194181862063,64.33461446072543
500,tight,72,1124430100,2516891951,True,5890.995232417217,39.82635307312012,3561,True,5544.630596600247,0.01948094367980957,10432,4.1056893565580665,1.0624684782480094,65.8646472392638
500,tight,73,2552348289,3504190682,True,13095.943039578011,176.49321699142456,15787,True,10178.563503392525,0.08416223526000977,40632,2.951988199686011,1.2866199670722809,61.14638708407168
500,tight,74,3491211767,10749874175,True,24127.773674872966,261.1408746242523,23719,True,21613.690385195045,0.11591720581054688,65787,6.877336478060654,1.1163190202539415,63.945764360739965
500,tight,75,1880051628,2523861482,False,0,0.0025238990783691406,0,True,6714.570804972048,0.03236579895019531,17904,-1,-1,100.0
500,tight,76,4631691578,3500528663,False,0,0.0008120536804199219,0,True,4260.5725110028125,0.007850885391235352,4164,-1,-1,100.0
500,tight,77,1832593971,1400078353,True,5555.91530748147,59.55022192001343,5688,True,5848.563285898472,0.03331398963928223,18297,0.0,0.9499624157059893,68.91293654697492
500,tight,78,2516924629,1883487759,True,10193.37163563149,120.72603607177734,11794,True,8487.288572024301,0.051325082778930664,28696,3.1082153049966976,1.2010162667534081,58.9001951491497
500,tight,79,3489882356,3491013122,False,0,0.0034029483795166016,0,True,14264.508003154036,0.03172898292541504,17999,-1,-1,100.0
500,tight,80,3505689863,2105153066,True,21508.72242300973,249.808984041214,23644,True,18146.519985960334,0.11566901206970215,64662,4.615117952685561,1.1852808384004578,63.43447465281
500,tight,81,3490991238,10115884297,True,8193.003366175108,32.17703413963318,3160,True,8058.700280693966,0.0146331787109375,8191,4.413144226581917,1.01666560125122,61.42107190819191
500,tight,82,1832594075,3489257082,True,9593.699815100732,123.98901200294495,12050,True,8776.587617349729,0.06557011604309082,35451,5.486414903287497,1.0931013548062483,66.00942145496602
500,tight,83,1480927624,2191994431,True,7844.745714607581,92.23809218406677,9187,True,6775.2128029039795,0.04163694381713867,22801,1.736946170306029,1.1578596780377408,59.707907547914566
500,tight,84,2355854521,1957364523,True,18584.15746777958,209.2447099685669,20202,True,17343.716006890703,0.11233210563659668,61322,3.790343471325016,1.0715210892749885,67.05586901927529
500,tight,85,1280126363,12065060516,False,0,0.0030519962310791016,0,True,5032.852216051462,0.03689980506896973,20996,-1,-1,100.0
500,tight,86,1275274775,2169447682,False,0,272.67746806144714,26232,True,5160.743235545743,0.03633928298950195,14725,-1,-1,-78.14601018675722
500,tight,87,1835495789,5450241679,True,6132.707259106378,108.22087097167969,10467,True,6589.661233572702,0.05775284767150879,32150,0.0,0.9306559232304301,67.44323483670296
500,tight,88,5042508097,3488665239,True,2652.9097366659807,10.007056951522827,1013,True,2350.477053614569,0.003834962844848633,2292,0.0,1.1286686388136955,55.80279232111693
500,tight,89,3498388295,1124354329,True,6543.1795829833345,63.54998230934143,6198,True,5764.636858519826,0.02990412712097168,16791,5.816640061885445,1.1350549468372606,63.08736823298196
500,tight,90,1979266939,11347926989,True,4230.528134014736,40.27029895782471,3913,True,3986.371998713856,0.01800227165222168,10156,0.0,1.061247704775082,61.47105159511619
500,tight,91,1273478057,11052131865,False,0,0.0023818016052246094,0,True,5521.517183224158,0.05236101150512695,28855,-1,-1,100.0
500,tight,92,6098737553,3824958181,True,9211.501290426017,144.5420470237732,14191,True,7842.25792345377,0.07011795043945312,38775,1.1031797398339795,1.174598104313461,63.401676337846546
500,tight,93,12323021593,12854763032,True,9996.420683761282,159.24057292938232,15552,True,9099.711875562929,0.07818198204040527,42088,6.562831644766934,1.0985425495291168,63.04885002851168
500,tight,94,2115566297,1950493587,True,3939.679454469247,28.608317852020264,2842,True,3939.679454469247,0.015249967575073242,8705,0.0,1.0,67.35209649626651
500,tight,95,3490877304,11850627647,False,0,0.0005159378051757812,0,True,7752.258075303861,0.025636911392211914,14261,-1,-1,100.0
500,tight,96,3318269307,3144158732,True,3548.704604190503,7.620309114456177,788,True,4104.534268239499,0.003874063491821289,2219,0.0,0.8645815511031412,64.48850833708877
500,tight,97,1931372210,1832349710,True,7613.715387214165,92.74069309234619,8831,True,6917.771336875828,0.046504974365234375,25413,2.3466379002814675,1.1006023495787642,65.25006886239326
500,tight,98,6290088001,6072430239,True,12416.447716862918,173.29511189460754,16861,True,11162.64894542082,0.08579182624816895,45631,7.491444344092535,1.1123208995976206,63.04924283929785
500,tight,99,2516868263,10636203372,True,3851.0770641731583,13.980716943740845,1471,True,3768.2669295074934,0.00848698616027832,4720,0.0,1.0219756551791006,68.83474576271186
500,tight,100,2303826373,9469153932,True,4368.7769251705395,52.84614014625549,5156,True,4249.140824382803,0.027158021926879883,15193,2.7414615884696945,1.0281553626326598,66.06331863358126
500,standard,1,3479168346,1273357595,True,51662.11646139021,218.27974915504456,21311,True,43152.91766419638,0.12800002098083496,71961,9.68269009947954,1.1971871024668592,70.3853476188491
500,standard,2,2167631058,3481893581,True,37978.898578951324,209.3957221508026,20507,True,22472.053753363212,0.11502909660339355,61773,10.8162005945615,1.6900501839208768,66.80264840626164
500,standard,3,1832593795,8514323209,True,3519.710920485651,18.75841784477234,1937,True,3535.912141682475,0.00851893424987793,4642,19.01461408406833,0.9954180928293328,58.2722964239552
500,standard,4,3491107647,2236941346,True,27117.50678520742,201.4750211238861,19784,True,20391.001670862293,0.12094306945800781,67562,12.993266992536679,1.3298761494368843,70.71726710280927
500,standard,5,913498558,1835407716,True,13624.202878938535,99.87227702140808,9905,True,11543.425949062115,0.06979680061340332,38864,17.83339470003064,1.1802564454485438,74.51368876080691
500,standard,6,2168022200,1835496063,True,6355.335282148551,57.26234197616577,5713,True,6385.529247118542,0.04369187355041504,24182,12.379741415796477,0.9952715015777877,76.37498966173186
500,standard,7,8514323209,6094752669,True,3123.445754203857,14.935015201568604,1593,True,3123.445754203857,0.011259078979492188,6169,0.8998905668292365,1.0,74.17733830442535
500,standard,8,1274031326,3479110325,True,44548.52701697883,217.47502994537354,21254,True,38141.90871180438,0.12547612190246582,70954,7.690150439737888,1.1679679523534616,70.04538151478424
500,standard,9,3517744265,3487889166,True,34460.53748034202,206.0963351726532,20268,True,23559.36594958346,0.10921978950500488,62178,13.854753308478085,1.4627107348341561,67.4032616037827
500,standard,10,2185027111,268301695,True,5797.207415716955,56.2012140750885,5559,True,4619.871596220789,0.03505587577819824,19716,17.566228131311,1.2548416757858092,71.80462568472306
500,standard,11,10013324803,2169351529,True,11380.704237085132,101.19070506095886,10068,True,10152.10934614784,0.07305765151977539,40850,15.23757171334061,1.1210186818371373,75.35373317013465
500,standard,12,8794963017,10901289719,True,12109.967408383443,161.30109405517578,15757,True,9094.873383307975,0.07888197898864746,43784,10.274950507668194,1.331515777955649,64.01196784213413
500,standard,13,3501694602,2342125810,True,8389.371754155209,23.557446002960205,2256,True,7901.157960904627,0.015075922012329102,8336,4.052105078385959,1.061790157299258,72.93666026871402
500,standard,14,1278041265,3491353855,True,11735.860492257654,153.9462752342224,13708,True,10574.38173731274,0.09882187843322754,45394,10.602487636309485,1.109838928062009,69.80217649909679
500,standard,15,3488053123,5524355240,True,4697.6464335121345,2.305968761444092,230,True,3340.584919288161,0.0009071826934814453,441,0.0,1.4062347005126117,47.84580498866213
500,standard,16,2599227046,2516912122,False,0,248.523686170578,22393,True,6037.232259257358,0.03633403778076172,19095,-1,-1,-17.271537051584176
500,standard,17,10944006998,3074602034,False,0,0.0052661895751953125,0,True,7159.954913822352,0.05657219886779785,31359,-1,-1,100.0
500,standard,18,3535737813,1835407915,False,0,0.0006620883941650391,0,True,8785.517344479193,0.05964183807373047,33219,-1,-1,100.0
500,standard,19,1832500331,10113638861,False,0,0.001026153564453125,0,True,6368.89971489041,0.035917043685913086,20265,-1,-1,100.0
500,standard,20,10006667081,3925033990,True,4163.0450460486145,32.870452880859375,3244,True,3531.233524084723,0.016319990158081055,9271,27.638263165528432,1.1789209118158375,65.00916837450113
500,standard,21,4515109737,11064139368,True,7016.505378091549,75.72358393669128,7531,True,6662.158053345915,0.055139780044555664,30309,23.987170066942912,1.0531880693775602,75.15259493879705
500,standard,22,3479147682,7070924830,False,0,0.002618074417114258,0,True,63802.935593736765,0.13182902336120605,72322,-1,-1,100.0
500,standard,23,2519156446,977632822,True,6041.22605687403,21.26410174369812,2140,True,2898.8331310202348,0.004133939743041992,2329,20.62480185495893,2.084019943137548,8.115070845856586
500,standard,24,2857860458,11056068705,True,4683.494515284079,27.636332988739014,2814,True,4577.784409459445,0.024567127227783203,13538,10.609612050703259,1.023091979955674,79.21406411582213
500,standard,25,5068744258,11189424498,True,2854.432501444344,10.519407987594604,1065,True,2499.7792933633473,0.009083032608032227,5101,8.586042615521148,1.141873808228816,79.12174083513037
500,standard,26,3498359660,9999912987,True,15366.314092401848,152.2171127796173,14838,True,9348.442354768467,0.08620691299438477,47973,7.827105177339044,1.6437298866761236,69.07010193233694
500,standard,27,11977562724,3498398454,False,0,240.2043902873993,22355,True,1612.6343155927375,0.0014109611511230469,829,-1,-1,-2596.6224366706874
500,standard,28,3497331305,11782247430,True,9828.81639670058,116.79887509346008,11044,True,8482.52259862475,0.06870508193969727,34823,8.6414794336328,1.1587138474932093,68.28532866209115
500,standard,29,3487075884,3495377502,True,21382.61884486553,179.17327499389648,16592,True,17719.650811959036,0.09285569190979004,52244,18.09619676296049,1.2067178451639886,68.24132914784474
500,standard,30,12772267800,5075056399,False,0,0.0015168190002441406,0,True,8671.480125660777,0.06672477722167969,36329,-1,-1,100.0
500,standard,31,268310357,3484264519,True,20023.5733058293,181.48694396018982,16888,True,12181.792292378419,0.09169888496398926,50493,9.609888753883187,1.6437296602370342,66.55377973184402
500,standard,32,2097604343,9874143977,True,4463.9958043563,12.86243486404419,1280,True,4463.9958043563,0.0074079036712646484,4266,0.0,1.0,69.99531176746366
500,standard,33,3079800856,10945732686,True,3626.074113257175,15.538628101348877,1609,True,2850.276343831078,0.006834983825683594,3835,0.0,1.2721833520125776,58.04432855280312
500,standard,34,3500178997,2521404887,False,0,0.3677370548248291,44,True,34231.921061192275,0.13555407524108887,71456,-1,-1,99.9384236453202
500,standard,35,1931989766,3487796010,True,35246.91941096248,204.03336191177368,20502,True,23702.41753786974,0.12240791320800781,67925,11.00585022383137,1.4870601007111575,69.8167096061833
500,standard,36,1278980981,2516860150,False,0,0.0009567737579345703,0,True,3265.930931552578,0.012129068374633789,4242,-1,-1,100.0
500,standard,37,2516880342,3512815583,False,0,220.66776514053345,22365,True,13123.171063259244,0.0554959774017334,28861,-1,-1,22.507882609750183
500,standard,38,6354396888,3487058837,False,0,0.0023429393768310547,0,True,12334.906235759785,0.08723092079162598,48294,-1,-1,100.0
500,standard,39,12615277928,12311365439,True,6890.45698317595,46.33393979072571,4852,True,4237.3214108094235,0.023064136505126953,12751,14.327626834924475,1.6261350780703978,61.94808250333308
500,standard,40,11052131889,3487119302,True,14715.342161296536,163.09419202804565,16855,True,11678.174177617175,0.1041102409362793,54592,12.400247560432003,1.2600721600385538,69.12551289566237
500,standard,41,10779882929,3489575020,True,25664.655398529543,192.77140998840332,19837,True,20248.02707110546,0.11466598510742188,64510,17.518369153080123,1.2675138821378686,69.24972872422882
500,standard,42,1317084931,5053149016,True,10287.20149161315,77.09665298461914,7915,True,8002.133175212717,0.04879879951477051,27748,14.275706772277621,1.2855573965550366,71.47542165201095
500,standard,43,3482124174,10956817020,True,21343.520899491366,168.81492710113525,17336,True,15278.397271634209,0.0970618724822998,53339,6.726909144917793,1.396973813419398,67.49845328933802
500,standard,44,2302338802,10926041122,False,0,0.0022978782653808594,0,True,6520.938491139169,0.027048826217651367,14928,-1,-1,100.0
500,standard,45,4366629260,1278029480,True,3647.0641331919737,13.834750890731812,1503,True,1985.3397532844008,0.003972053527832031,2310,25.050504669112577,1.8369974847672987,34.93506493506493
500,standard,46,1832500249,3488934335,True,9532.410766843463,30.14734387397766,3171,True,3048.9446121560472,0.006206989288330078,3424,32.368906780972964,3.1264624253382753,7.389018691588789
500,standard,47,2515049090,1882601483,False,0,0.0021567344665527344,0,True,4479.489183448038,0.028059959411621094,15676,-1,-1,100.0
500,standard,48,5364240728,8626730293,False,0,0.00033211708068847656,0,True,2846.936178753612,0.003480195999145508,2039,-1,-1,100.0
500,standard,49,10302113554,3166114448,True,2340.9467236706105,8.446208953857422,909,True,1769.1215378799773,0.00462794303894043,2799,43.60689544864901,1.323225495561983,67.52411575562701
500,standard,50,9913833760,6084075960,True,4412.784646145909,17.49388575553894,1903,True,4407.24674216798,0.01853799819946289,9666,9.56724653961404,1.001256545027294,80.31243534036831
500,standard,51,1124354005,1954497029,True,17721.82235019664,164.8123230934143,16959,True,5070.12981589228,0.025658845901489258,14403,8.68292450094923,3.495338974289718,-17.74630285357217
500,standard,52,3484823241,2194418722,True,25396.724344612132,190.21616625785828,18694,True,16062.399723279214,0.08537912368774414,46751,19.793928869859112,1.581128896188824,60.01368954674766
500,standard,53,2331016912,1954532218,True,4156.2387996859015,13.561987161636353,1475,True,3925.94031987883,0.00978994369506836,5650,7.2170329667760695,1.0586607184630303,73.8938053097345
500,standard,54,5100066222,11529704183,True,17522.11777010092,168.90257501602173,16981,True,15048.441553964956,0.10908985137939453,56985,7.8218608405998005,1.1643808900253994,70.20093006931648
500,standard,55,12597531704,3504112995,True,37266.54802181604,201.3522491455078,20720,True,30143.4761474437,0.1236727237701416,69434,9.726176202106943,1.2363055886298768,70.1587118702653
500,standard,56,3484443455,6089506432,True,15928.978541309403,170.1123571395874,17696,True,11138.192755323578,0.10230803489685059,56770,9.168327971545294,1.4301223628668156,68.82860665844636
500,standard,57,11007221469,728152153,True,6637.305243248296,59.42368412017822,6284,True,6158.924721310814,0.037782907485961914,21140,3.5937213944290134,1.0776727340540815,70.2743614001892
500,standard,58,977632825,1950365695,True,9357.078599608918,68.10638785362244,7194,True,7787.789844565952,0.043686866760253906,24332,17.619974216556127,1.2015063049162735,70.43399638336348
500,standard,59,1887596102,11027577102,False,0,0.0011789798736572266,0,True,6908.781869055859,0.041893959045410156,23125,-1,-1,100.0
500,standard,60,1835462250,10962868704,True,9633.77494370559,107.39872789382935,11220,True,7266.496643360606,0.06190776824951172,33051,27.33090391814923,1.3257798656671733,66.05246437324135
500,standard,61,1489359102,9999077133,False,0,0.002044200897216797,0,True,2690.4380285619272,0.006328105926513672,3578,-1,-1,100.0
500,standard,62,2516767938,3487964537,True,1759.9550648068823,2.40225887298584,286,True,1759.9550648068823,0.0016379356384277344,849,0.0,1.0,66.3133097762073
500,standard,63,3495873461,2169181533,False,0,0.001605987548828125,0,True,9591.714548408707,0.09637093544006348,53091,-1,-1,100.0
500,standard,64,2521929457,7940914786,False,0,0.000885009765625,0,True,4504.1379791057025,0.021503925323486328,12111,-1,-1,100.0
500,standard,65,1835407695,3487210686,True,10128.446345122498,92.27955102920532,9645,True,8121.952377266135,0.06509995460510254,32385,18.254606085479807,1.2470457686347274,70.21769337656323
500,standard,66,3092593576,2039616841,False,0,0.0010750293731689453,0,True,3367.430281246503,0.013966083526611328,7487,-1,-1,100.0
500,standard,67,3544247345,3512649781,True,35338.63679645412,93.76393914222717,9748,True,29210.483487971123,0.08413481712341309,47375,0.0,1.2097929433796113,79.42374670184697
500,standard,68,11107126643,2093231601,True,7653.629798383216,61.34766888618469,6420,True,5694.584439160986,0.040780067443847656,22647,14.190000565014138,1.3440190202027924,71.65187442045304
500,standard,69,2085592141,2172903345,True,5705.453870571058,63.26342415809631,6684,True,4695.6842103856825,0.04199719429016113,22675,15.83849219087604,1.2150420716009858,70.5226019845645
500,standard,70,3567339063,6091848381,True,2839.2803912272147,11.90253472328186,1323,True,2789.331875342636,0.007809162139892578,3944,0.0,1.0179069820719857,66.4553752535497
500,standard,71,3491211765,11939650698,True,30826.447686661682,197.78691363334656,20225,True,25860.85071583444,0.12613511085510254,66608,17.079747487511117,1.1920121277289164,69.63577948594764
500,standard,72,1124430100,2516891951,True,7003.15323166674,29.827334880828857,3189,True,5544.630596600247,0.01948094367980957,10432,13.13896137359033,1.2630513628736244,69.4305981595092
500,standard,73,2552348289,3504190682,False,0,0.0018203258514404297,0,True,10178.563503392525,0.08416223526000977,40632,-1,-1,100.0
500,standard,74,3491211767,10749874175,True,28481.215909677027,194.1453549861908,19835,True,21613.690385195045,0.11591720581054688,65787,16.332977873751165,1.3177396086503628,69.84966634745466
500,standard,75,1880051628,2523861482,False,0,0.001882314682006836,0,True,6714.570804972048,0.03236579895019531,17904,-1,-1,100.0
500,standard,76,4631691578,3500528663,False,0,0.0005970001220703125,0,True,4260.5725110028125,0.007850885391235352,4164,-1,-1,100.0
500,standard,77,1832593971,1400078353,True,5348.875486288012,38.532803773880005,4118,True,5848.563285898472,0.03331398963928223,18297,10.23331249928344,0.9145622992889105,77.49357818221566
500,standard,78,2516924629,1883487759,True,10362.222442815355,82.4788990020752,8280,True,8487.288572024301,0.051325082778930664,28696,19.06887400406537,1.2209108191479654,71.1458042932813
500,standard,79,3489882356,3491013122,False,0,0.002978086471557617,0,True,14264.508003154036,0.03172898292541504,17999,-1,-1,100.0
500,standard,80,3505689863,2105153066,True,23834.276920709675,196.39003491401672,19683,True,18146.519985960334,0.11566901206970215,64662,20.39122351299906,1.3134351346236008,69.56017444557855
500,standard,81,3490991238,10115884297,True,8291.245870530183,24.22694420814514,2599,True,8058.700280693966,0.0146331787109375,8191,6.547152707904623,1.0288564634167274,68.27005249664266
500,standard,82,1832594075,3489257082,False,0,0.001961946487426758,0,True,8776.587617349729,0.06557011604309082,35451,-1,-1,100.0
500,standard,83,1480927624,2191994431,True,8223.942092569054,76.15851593017578,7795,True,6775.2128029039795,0.04163694381713867,22801,20.46538094328007,1.2138278651622754,65.81290294285338
500,standard,84,2355854521,1957364523,False,0,0.0023276805877685547,0,True,17343.716006890703,0.11233210563659668,61322,-1,-1,100.0
500,standard,85,1280126363,12065060516,False,0,0.0013599395751953125,0,True,5032.852216051462,0.03689980506896973,20996,-1,-1,100.0
500,standard,86,1275274775,2169447682,False,0,221.73629903793335,22434,True,5160.743235545743,0.03633928298950195,14725,-1,-1,-52.35314091680814
500,standard,87,1835495789,5450241679,True,7149.868166353686,91.14589309692383,9396,True,6589.661233572702,0.05775284767150879,32150,12.46678037743519,1.0850130094589487,70.77449455676516
500,standard,88,5042508097,3488665239,True,2652.9097366659807,7.808156251907349,838,True,2350.477053614569,0.003834962844848633,2292,3.4814865502223515,1.1286686388136955,63.43804537521815
500,standard,89,3498388295,1124354329,True,6627.865798282718,41.758506059646606,4289,True,5764.636858519826,0.02990412712097168,16791,11.597031805432026,1.1497455886552654,74.45655410636651
500,standard,90,1979266939,11347926989,True,4826.411049462313,39.86903190612793,4017,True,3986.371998713856,0.01800227165222168,10156,35.30611478051613,1.210727712069893,60.447026388341875
500,standard,91,1273478057,11052131865,False,0,0.0031707286834716797,0,True,5521.517183224158,0.05236101150512695,28855,-1,-1,100.0
500,standard,92,6098737553,3824958181,False,0,221.6060447692871,22394,True,7842.25792345377,0.07011795043945312,38775,-1,-1,42.24629271437782
500,standard,93,12323021593,12854763032,True,12039.202664046667,148.57738614082336,15301,True,9099.711875562929,0.07818198204040527,42088,8.051090250574166,1.3230311935895107,63.64521954001141
500,standard,94,2115566297,1950493587,False,0,0.0015118122100830078,0,True,3939.679454469247,0.015249967575073242,8705,-1,-1,100.0
500,standard,95,3490877304,11850627647,False,0,0.00040984153747558594,0,True,7752.258075303861,0.025636911392211914,14261,-1,-1,100.0
500,standard,96,3318269307,3144158732,True,3548.704604190503,6.959194183349609,655,True,4104.534268239499,0.003874063491821289,2219,7.8919063188754315,0.8645815511031412,70.48219918882378
500,standard,97,1931372210,1832349710,True,8156.670073977402,67.63707900047302,6381,True,6917.771336875828,0.046504974365234375,25413,18.30657323715468,1.1790892871086254,74.89080391925393
500,standard,98,6290088001,6072430239,True,13529.697225367372,135.65071177482605,12918,True,11162.64894542082,0.08579182624816895,45631,19.875159948419654,1.2120507678347772,71.69029826214634
500,standard,99,2516868263,10636203372,True,3851.0770641731583,9.007108926773071,989,True,3768.2669295074934,0.00848698616027832,4720,10.019904912963021,1.0219756551791006,79.04661016949153
500,standard,100,2303826373,9469153932,True,6149.173412885383,56.1067259311676,5689,True,4249.140824382803,0.027158021926879883,15193,0.0,1.4471568881877583,62.555124070295534
500,wide,1,3479168346,1273357595,False,0,37.98870396614075,4010,True,43152.91766419638,0.12800002098083496,71961,-1,-1,94.42753713817207
500,wide,2,2167631058,3481893581,False,0,26.722906827926636,2863,True,22472.053753363212,0.11502909660339355,61773,-1,-1,95.36528904213814
500,wide,3,1832593795,8514323209,False,0,54.270971059799194,5557,True,3535.912141682475,0.00851893424987793,4642,-1,-1,-19.71133132270573
500,wide,4,3491107647,2236941346,False,0,31.008877754211426,3276,True,20391.001670862293,0.12094306945800781,67562,-1,-1,95.15112045232527
500,wide,5,913498558,1835407716,False,0,0.002466917037963867,0,True,11543.425949062115,0.06979680061340332,38864,-1,-1,100.0
500,wide,6,2168022200,1835496063,False,0,19.701805114746094,2014,True,6385.529247118542,0.04369187355041504,24182,-1,-1,91.67149119179555
500,wide,7,8514323209,6094752669,False,0,0.0021522045135498047,0,True,3123.445754203857,0.011259078979492188,6169,-1,-1,100.0
500,wide,8,1274031326,3479110325,False,0,0.0007090568542480469,0,True,38141.90871180438,0.12547612190246582,70954,-1,-1,100.0
500,wide,9,3517744265,3487889166,False,0,29.78255319595337,3146,True,23559.36594958346,0.10921978950500488,62178,-1,-1,94.94033259352183
500,wide,10,2185027111,268301695,False,0,0.0015807151794433594,0,True,4619.871596220789,0.03505587577819824,19716,-1,-1,100.0
500,wide,11,10013324803,2169351529,False,0,0.0006189346313476562,0,True,10152.10934614784,0.07305765151977539,40850,-1,-1,100.0
500,wide,12,8794963017,10901289719,False,0,0.001981973648071289,0,True,9094.873383307975,0.07888197898864746,43784,-1,-1,100.0
500,wide,13,3501694602,2342125810,False,0,65.57491111755371,6774,True,7901.157960904627,0.015075922012329102,8336,-1,-1,18.73800383877159
500,wide,14,1278041265,3491353855,False,0,54.47495913505554,5537,True,10574.38173731274,0.09882187843322754,45394,-1,-1,87.80235273384147
500,wide,15,3488053123,5524355240,True,4697.6464335121345,2.131366729736328,221,True,3340.584919288161,0.0009071826934814453,441,0.0,1.4062347005126117,49.88662131519275
500,wide,16,2599227046,2516912122,False,0,0.001672983169555664,0,True,6037.232259257358,0.03633403778076172,19095,-1,-1,100.0
500,wide,17,10944006998,3074602034,False,0,0.0006029605865478516,0,True,7159.954913822352,0.05657219886779785,31359,-1,-1,100.0
500,wide,18,3535737813,1835407915,False,0,0.0006880760192871094,0,True,8785.517344479193,0.05964183807373047,33219,-1,-1,100.0
500,wide,19,1832500331,10113638861,False,0,0.0011048316955566406,0,True,6368.89971489041,0.035917043685913086,20265,-1,-1,100.0
500,wide,20,10006667081,3925033990,False,0,0.001622915267944336,0,True,3531.233524084723,0.016319990158081055,9271,-1,-1,100.0
500,wide,21,4515109737,11064139368,False,0,15.262360095977783,1525,True,6662.158053345915,0.055139780044555664,30309,-1,-1,94.96849120723218
500,wide,22,3479147682,7070924830,False,0,0.0017421245574951172,0,True,63802.935593736765,0.13182902336120605,72322,-1,-1,100.0
500,wide,23,2519156446,977632822,False,0,0.0008330345153808594,0,True,2898.8331310202348,0.004133939743041992,2329,-1,-1,100.0
500,wide,24,2857860458,11056068705,False,0,0.0003829002380371094,0,True,4577.784409459445,0.024567127227783203,13538,-1,-1,100.0
500,wide,25,5068744258,11189424498,False,0,0.0002281665802001953,0,True,2499.7792933633473,0.009083032608032227,5101,-1,-1,100.0
500,wide,26,3498359660,9999912987,False,0,55.32933497428894,5550,True,9348.442354768467,0.08620691299438477,47973,-1,-1,88.4309924332437
500,wide,27,11977562724,3498398454,False,0,0.0024809837341308594,0,True,1612.6343155927375,0.0014109611511230469,829,-1,-1,100.0
500,wide,28,3497331305,11782247430,False,0,46.15628504753113,4701,True,8482.52259862475,0.06870508193969727,34823,-1,-1,86.50030152485427
500,wide,29,3487075884,3495377502,False,0,24.624484300613403,2636,True,17719.650811959036,0.09285569190979004,52244,-1,-1,94.95444452951534
500,wide,30,12772267800,5075056399,False,0,0.0013780593872070312,0,True,8671.480125660777,0.06672477722167969,36329,-1,-1,100.0
500,wide,31,268310357,3484264519,False,0,45.11185574531555,4677,True,12181.792292378419,0.09169888496398926,50493,-1,-1,90.73732992692057
500,wide,32,2097604343,9874143977,False,0,40.89003109931946,4204,True,4463.9958043563,0.0074079036712646484,4266,-1,-1,1.453352086263482
500,wide,33,3079800856,10945732686,False,0,50.53477597236633,5015,True,2850.276343831078,0.006834983825683594,3835,-1,-1,-30.76923076923077
500,wide,34,3500178997,2521404887,False,0,0.3520228862762451,40,True,34231.921061192275,0.13555407524108887,71456,-1,-1,99.94402149574564
500,wide,35,1931989766,3487796010,False,0,0.001123189926147461,0,True,23702.41753786974,0.12240791320800781,67925,-1,-1,100.0
500,wide,36,1278980981,2516860150,False,0,0.0006160736083984375,0,True,3265.930931552578,0.012129068374633789,4242,-1,-1,100.0
500,wide,37,2516880342,3512815583,False,0,0.0009701251983642578,0,True,13123.171063259244,0.0554959774017334,28861,-1,-1,100.0
500,wide,38,6354396888,3487058837,False,0,0.00044608116149902344,0,True,12334.906235759785,0.08723092079162598,48294,-1,-1,100.0
500,wide,39,12615277928,12311365439,False,0,0.001322031021118164,0,True,4237.3214108094235,0.023064136505126953,12751,-1,-1,100.0
500,wide,40,11052131889,3487119302,False,0,0.0003459453582763672,0,True,11678.174177617175,0.1041102409362793,54592,-1,-1,100.0
500,wide,41,10779882929,3489575020,False,0,0.0003387928009033203,0,True,20248.02707110546,0.11466598510742188,64510,-1,-1,100.0
500,wide,42,1317084931,5053149016,False,0,0.001483917236328125,0,True,8002.133175212717,0.04879879951477051,27748,-1,-1,100.0
500,wide,43,3482124174,10956817020,False,0,38.51850175857544,3962,True,15278.397271634209,0.0970618724822998,53339,-1,-1,92.57203922083279
500,wide,44,2302338802,10926041122,False,0,0.0011050701141357422,0,True,6520.938491139169,0.027048826217651367,14928,-1,-1,100.0
500,wide,45,4366629260,1278029480,False,0,0.0019969940185546875,0,True,1985.3397532844008,0.003972053527832031,2310,-1,-1,100.0
500,wide,46,1832500249,3488934335,False,0,0.00055694580078125,0,True,3048.9446121560472,0.006206989288330078,3424,-1,-1,100.0
500,wide,47,2515049090,1882601483,False,0,0.0013527870178222656,0,True,4479.489183448038,0.028059959411621094,15676,-1,-1,100.0
500,wide,48,5364240728,8626730293,False,0,0.0002999305725097656,0,True,2846.936178753612,0.003480195999145508,2039,-1,-1,100.0
500,wide,49,10302113554,3166114448,False,0,0.0008256435394287109,0,True,1769.1215378799773,0.00462794303894043,2799,-1,-1,100.0
500,wide,50,9913833760,6084075960,False,0,42.43124294281006,4221,True,4407.24674216798,0.01853799819946289,9666,-1,-1,56.33147113594041
500,wide,51,1124354005,1954497029,False,0,0.0016851425170898438,0,True,5070.12981589228,0.025658845901489258,14403,-1,-1,100.0
500,wide,52,3484823241,2194418722,False,0,28.623812913894653,2855,True,16062.399723279214,0.08537912368774414,46751,-1,-1,93.89317875553465
500,wide,53,2331016912,1954532218,True,5069.93409994178,10.457292079925537,1024,True,3925.94031987883,0.00978994369506836,5650,27.19985003080917,1.2913935737307025,81.87610619469027
500,wide,54,5100066222,11529704183,False,0,0.0010039806365966797,0,True,15048.441553964956,0.10908985137939453,56985,-1,-1,100.0
500,wide,55,12597531704,3504112995,False,0,40.66452097892761,4022,True,30143.4761474437,0.1236727237701416,69434,-1,-1,94.20744880029956
500,wide,56,3484443455,6089506432,False,0,62.23861217498779,5489,True,11138.192755323578,0.10230803489685059,56770,-1,-1,90.33116082437907
500,wide,57,11007221469,728152153,False,0,15.772720098495483,1404,True,6158.924721310814,0.037782907485961914,21140,-1,-1,93.35856196783348
500,wide,58,977632825,1950365695,False,0,29.588158130645752,2724,True,7787.789844565952,0.043686866760253906,24332,-1,-1,88.8048660200559
500,wide,59,1887596102,11027577102,False,0,0.003846883773803711,0,True,6908.781869055859,0.041893959045410156,23125,-1,-1,100.0
500,wide,60,1835462250,10962868704,False,0,56.897239208221436,5498,True,7266.496643360606,0.06190776824951172,33051,-1,-1,83.36510241747602
500,wide,61,1489359102,9999077133,False,0,0.0016579627990722656,0,True,2690.4380285619272,0.006328105926513672,3578,-1,-1,100.0
500,wide,62,2516767938,3487964537,True,1759.9550648068823,1.6993608474731445,189,True,1759.9550648068823,0.0016379356384277344,849,41.59970629357145,1.0,77.73851590106007
500,wide,63,3495873461,2169181533,False,0,0.0015370845794677734,0,True,9591.714548408707,0.09637093544006348,53091,-1,-1,100.0
500,wide,64,2521929457,7940914786,False,0,0.0005750656127929688,0,True,4504.1379791057025,0.021503925323486328,12111,-1,-1,100.0
500,wide,65,1835407695,3487210686,False,0,8.906775951385498,859,True,8121.952377266135,0.06509995460510254,32385,-1,-1,97.34753744017291
500,wide,66,3092593576,2039616841,False,0,0.0012848377227783203,0,True,3367.430281246503,0.013966083526611328,7487,-1,-1,100.0
500,wide,67,3544247345,3512649781,True,35338.63679645412,15.87906289100647,1594,True,29210.483487971123,0.08413481712341309,47375,0.0,1.2097929433796113,96.6353562005277
500,wide,68,11107126643,2093231601,False,0,14.51427674293518,1397,True,5694.584439160986,0.040780067443847656,22647,-1,-1,93.8314125491235
500,wide,69,2085592141,2172903345,False,0,0.0007100105285644531,0,True,4695.6842103856825,0.04199719429016113,22675,-1,-1,100.0
500,wide,70,3567339063,6091848381,False,0,56.8517382144928,5568,True,2789.331875342636,0.007809162139892578,3944,-1,-1,-41.176470588235304
500,wide,71,3491211765,11939650698,False,0,26.864854097366333,2773,True,25860.85071583444,0.12613511085510254,66608,-1,-1,95.83683641604613
500,wide,72,1124430100,2516891951,False,0,0.0027031898498535156,0,True,5544.630596600247,0.01948094367980957,10432,-1,-1,100.0
500,wide,73,2552348289,3504190682,False,0,0.0009200572967529297,0,True,10178.563503392525,0.08416223526000977,40632,-1,-1,100.0
500,wide,74,3491211767,10749874175,False,0,38.9849488735199,3964,True,21613.690385195045,0.11591720581054688,65787,-1,-1,93.97449344095338
500,wide,75,1880051628,2523861482,False,0,0.0016241073608398438,0,True,6714.570804972048,0.03236579895019531,17904,-1,-1,100.0
500,wide,76,4631691578,3500528663,False,0,0.0006270408630371094,0,True,4260.5725110028125,0.007850885391235352,4164,-1,-1,100.0
500,wide,77,1832593971,1400078353,False,0,55.13219380378723,5497,True,5848.563285898472,0.03331398963928223,18297,-1,-1,69.95682352298192
500,wide,78,2516924629,1883487759,False,0,13.848997831344604,1368,True,8487.288572024301,0.051325082778930664,28696,-1,-1,95.23278505715082
500,wide,79,3489882356,3491013122,False,0,0.0022001266479492188,0,True,14264.508003154036,0.03172898292541504,17999,-1,-1,100.0
500,wide,80,3505689863,2105153066,False,0,38.933247089385986,3952,True,18146.519985960334,0.11566901206970215,64662,-1,-1,93.88821873743466
500,wide,81,3490991238,10115884297,False,0,42.726354122161865,4201,True,8058.700280693966,0.0146331787109375,8191,-1,-1,48.71200097668172
500,wide,82,1832594075,3489257082,False,0,0.002710103988647461,0,True,8776.587617349729,0.06557011604309082,35451,-1,-1,100.0
500,wide,83,1480927624,2191994431,False,0,14.305603265762329,1398,True,6775.2128029039795,0.04163694381713867,22801,-1,-1,93.86868996973817
500,wide,84,2355854521,1957364523,False,0,0.0010688304901123047,0,True,17343.716006890703,0.11233210563659668,61322,-1,-1,100.0
500,wide,85,1280126363,12065060516,False,0,0.0013968944549560547,0,True,5032.852216051462,0.03689980506896973,20996,-1,-1,100.0
500,wide,86,1275274775,2169447682,False,0,28.34591794013977,2785,True,5160.743235545743,0.03633928298950195,14725,-1,-1,81.08658743633276
500,wide,87,1835495789,5450241679,False,0,0.001920938491821289,0,True,6589.661233572702,0.05775284767150879,32150,-1,-1,100.0
500,wide,88,5042508097,3488665239,False,0,0.0008111000061035156,0,True,2350.477053614569,0.003834962844848633,2292,-1,-1,100.0
500,wide,89,3498388295,1124354329,False,0,45.163151025772095,4404,True,5764.636858519826,0.02990412712097168,16791,-1,-1,73.77166339110236
500,wide,90,1979266939,11347926989,False,0,27.495462894439697,2691,True,3986.371998713856,0.01800227165222168,10156,-1,-1,73.50334777471446
500,wide,91,1273478057,11052131865,False,0,0.002279043197631836,0,True,5521.517183224158,0.05236101150512695,28855,-1,-1,100.0
500,wide,92,6098737553,3824958181,False,0,0.0010213851928710938,0,True,7842.25792345377,0.07011795043945312,38775,-1,-1,100.0
500,wide,93,12323021593,12854763032,False,0,49.1719970703125,4806,True,9099.711875562929,0.07818198204040527,42088,-1,-1,88.58106823797756
500,wide,94,2115566297,1950493587,False,0,0.0015070438385009766,0,True,3939.679454469247,0.015249967575073242,8705,-1,-1,100.0
500,wide,95,3490877304,11850627647,False,0,0.0004870891571044922,0,True,7752.258075303861,0.025636911392211914,14261,-1,-1,100.0
500,wide,96,3318269307,3144158732,False,0,0.0016930103302001953,0,True,4104.534268239499,0.003874063491821289,2219,-1,-1,100.0
500,wide,97,1931372210,1832349710,False,0,0.00018787384033203125,0,True,6917.771336875828,0.046504974365234375,25413,-1,-1,100.0
500,wide,98,6290088001,6072430239,False,0,0.0009481906890869141,0,True,11162.64894542082,0.08579182624816895,45631,-1,-1,100.0
500,wide,99,2516868263,10636203372,False,0,0.0005009174346923828,0,True,3768.2669295074934,0.00848698616027832,4720,-1,-1,100.0
500,wide,100,2303826373,9469153932,False,0,57.09974193572998,5559,True,4249.140824382803,0.027158021926879883,15193,-1,-1,63.41078128085302
500,very_wide,1,3479168346,1273357595,False,0,0.0021393299102783203,0,True,43152.91766419638,0.12800002098083496,71961,-1,-1,100.0
500,very_wide,2,2167631058,3481893581,False,0,0.0005590915679931641,0,True,22472.053753363212,0.11502909660339355,61773,-1,-1,100.0
500,very_wide,3,1832593795,8514323209,False,0,0.0013201236724853516,0,True,3535.912141682475,0.00851893424987793,4642,-1,-1,100.0
500,very_wide,4,3491107647,2236941346,False,0,0.0012879371643066406,0,True,20391.001670862293,0.12094306945800781,67562,-1,-1,100.0
500,very_wide,5,913498558,1835407716,False,0,0.0007722377777099609,0,True,11543.425949062115,0.06979680061340332,38864,-1,-1,100.0
500,very_wide,6,2168022200,1835496063,False,0,0.0006740093231201172,0,True,6385.529247118542,0.04369187355041504,24182,-1,-1,100.0
500,very_wide,7,8514323209,6094752669,False,0,0.0006659030914306641,0,True,3123.445754203857,0.011259078979492188,6169,-1,-1,100.0
500,very_wide,8,1274031326,3479110325,False,0,0.0006158351898193359,0,True,38141.90871180438,0.12547612190246582,70954,-1,-1,100.0
500,very_wide,9,3517744265,3487889166,False,0,0.0008497238159179688,0,True,23559.36594958346,0.10921978950500488,62178,-1,-1,100.0
500,very_wide,10,2185027111,268301695,False,0,0.0006241798400878906,0,True,4619.871596220789,0.03505587577819824,19716,-1,-1,100.0
500,very_wide,11,10013324803,2169351529,False,0,0.0016918182373046875,0,True,10152.10934614784,0.07305765151977539,40850,-1,-1,100.0
500,very_wide,12,8794963017,10901289719,False,0,0.0005550384521484375,0,True,9094.873383307975,0.07888197898864746,43784,-1,-1,100.0
500,very_wide,13,3501694602,2342125810,False,0,0.0011620521545410156,0,True,7901.157960904627,0.015075922012329102,8336,-1,-1,100.0
500,very_wide,14,1278041265,3491353855,False,0,0.0003943443298339844,0,True,10574.38173731274,0.09882187843322754,45394,-1,-1,100.0
500,very_wide,15,3488053123,5524355240,True,5270.593781423492,1.1633150577545166,129,True,3340.584919288161,0.0009071826934814453,441,3.544809304151711,1.577745786670974,70.74829931972789
500,very_wide,16,2599227046,2516912122,False,0,0.0005817413330078125,0,True,6037.232259257358,0.03633403778076172,19095,-1,-1,100.0
500,very_wide,17,10944006998,3074602034,False,0,0.0005500316619873047,0,True,7159.954913822352,0.05657219886779785,31359,-1,-1,100.0
500,very_wide,18,3535737813,1835407915,False,0,0.0003077983856201172,0,True,8785.517344479193,0.05964183807373047,33219,-1,-1,100.0
500,very_wide,19,1832500331,10113638861,False,0,0.0006198883056640625,0,True,6368.89971489041,0.035917043685913086,20265,-1,-1,100.0
500,very_wide,20,10006667081,3925033990,False,0,0.0006940364837646484,0,True,3531.233524084723,0.016319990158081055,9271,-1,-1,100.0
500,very_wide,21,4515109737,11064139368,False,0,0.0010068416595458984,0,True,6662.158053345915,0.055139780044555664,30309,-1,-1,100.0
500,very_wide,22,3479147682,7070924830,False,0,0.0010569095611572266,0,True,63802.935593736765,0.13182902336120605,72322,-1,-1,100.0
500,very_wide,23,2519156446,977632822,False,0,0.0008461475372314453,0,True,2898.8331310202348,0.004133939743041992,2329,-1,-1,100.0
500,very_wide,24,2857860458,11056068705,False,0,0.00020003318786621094,0,True,4577.784409459445,0.024567127227783203,13538,-1,-1,100.0
500,very_wide,25,5068744258,11189424498,False,0,0.0003619194030761719,0,True,2499.7792933633473,0.009083032608032227,5101,-1,-1,100.0
500,very_wide,26,3498359660,9999912987,False,0,0.0013859272003173828,0,True,9348.442354768467,0.08620691299438477,47973,-1,-1,100.0
500,very_wide,27,11977562724,3498398454,False,0,0.0004258155822753906,0,True,1612.6343155927375,0.0014109611511230469,829,-1,-1,100.0
500,very_wide,28,3497331305,11782247430,False,0,0.0011830329895019531,0,True,8482.52259862475,0.06870508193969727,34823,-1,-1,100.0
500,very_wide,29,3487075884,3495377502,False,0,0.0004489421844482422,0,True,17719.650811959036,0.09285569190979004,52244,-1,-1,100.0
500,very_wide,30,12772267800,5075056399,False,0,0.00045609474182128906,0,True,8671.480125660777,0.06672477722167969,36329,-1,-1,100.0
500,very_wide,31,268310357,3484264519,False,0,0.0002009868621826172,0,True,12181.792292378419,0.09169888496398926,50493,-1,-1,100.0
500,very_wide,32,2097604343,9874143977,False,0,0.00027871131896972656,0,True,4463.9958043563,0.0074079036712646484,4266,-1,-1,100.0
500,very_wide,33,3079800856,10945732686,False,0,0.0002429485321044922,0,True,2850.276343831078,0.006834983825683594,3835,-1,-1,100.0
500,very_wide,34,3500178997,2521404887,False,0,0.0011730194091796875,0,True,34231.921061192275,0.13555407524108887,71456,-1,-1,100.0
500,very_wide,35,1931989766,3487796010,False,0,0.00034999847412109375,0,True,23702.41753786974,0.12240791320800781,67925,-1,-1,100.0
500,very_wide,36,1278980981,2516860150,False,0,0.0002028942108154297,0,True,3265.930931552578,0.012129068374633789,4242,-1,-1,100.0
500,very_wide,37,2516880342,3512815583,False,0,0.0005431175231933594,0,True,13123.171063259244,0.0554959774017334,28861,-1,-1,100.0
500,very_wide,38,6354396888,3487058837,False,0,0.0003478527069091797,0,True,12334.906235759785,0.08723092079162598,48294,-1,-1,100.0
500,very_wide,39,12615277928,12311365439,False,0,0.0005981922149658203,0,True,4237.3214108094235,0.023064136505126953,12751,-1,-1,100.0
500,very_wide,40,11052131889,3487119302,False,0,0.00017905235290527344,0,True,11678.174177617175,0.1041102409362793,54592,-1,-1,100.0
500,very_wide,41,10779882929,3489575020,False,0,0.00017595291137695312,0,True,20248.02707110546,0.11466598510742188,64510,-1,-1,100.0
500,very_wide,42,1317084931,5053149016,False,0,0.0014920234680175781,0,True,8002.133175212717,0.04879879951477051,27748,-1,-1,100.0
500,very_wide,43,3482124174,10956817020,False,0,0.5777051448822021,56,True,15278.397271634209,0.0970618724822998,53339,-1,-1,99.89501115506478
500,very_wide,44,2302338802,10926041122,False,0,0.0009579658508300781,0,True,6520.938491139169,0.027048826217651367,14928,-1,-1,100.0
500,very_wide,45,4366629260,1278029480,False,0,0.0003819465637207031,0,True,1985.3397532844008,0.003972053527832031,2310,-1,-1,100.0
500,very_wide,46,1832500249,3488934335,False,0,0.0012059211730957031,0,True,3048.9446121560472,0.006206989288330078,3424,-1,-1,100.0
500,very_wide,47,2515049090,1882601483,False,0,0.0003159046173095703,0,True,4479.489183448038,0.028059959411621094,15676,-1,-1,100.0
500,very_wide,48,5364240728,8626730293,False,0,0.0003046989440917969,0,True,2846.936178753612,0.003480195999145508,2039,-1,-1,100.0
500,very_wide,49,10302113554,3166114448,False,0,0.0002422332763671875,0,True,1769.1215378799773,0.00462794303894043,2799,-1,-1,100.0
500,very_wide,50,9913833760,6084075960,False,0,0.0006899833679199219,0,True,4407.24674216798,0.01853799819946289,9666,-1,-1,100.0
500,very_wide,51,1124354005,1954497029,False,0,0.001344919204711914,0,True,5070.12981589228,0.025658845901489258,14403,-1,-1,100.0
500,very_wide,52,3484823241,2194418722,False,0,0.0009150505065917969,0,True,16062.399723279214,0.08537912368774414,46751,-1,-1,100.0
500,very_wide,53,2331016912,1954532218,False,0,0.0004818439483642578,0,True,3925.94031987883,0.00978994369506836,5650,-1,-1,100.0
500,very_wide,54,5100066222,11529704183,False,0,0.0004210472106933594,0,True,15048.441553964956,0.10908985137939453,56985,-1,-1,100.0
500,very_wide,55,12597531704,3504112995,False,0,0.00021696090698242188,0,True,30143.4761474437,0.1236727237701416,69434,-1,-1,100.0
500,very_wide,56,3484443455,6089506432,False,0,0.00017714500427246094,0,True,11138.192755323578,0.10230803489685059,56770,-1,-1,100.0
500,very_wide,57,11007221469,728152153,False,0,0.0003116130828857422,0,True,6158.924721310814,0.037782907485961914,21140,-1,-1,100.0
500,very_wide,58,977632825,1950365695,False,0,0.0005447864532470703,0,True,7787.789844565952,0.043686866760253906,24332,-1,-1,100.0
500,very_wide,59,1887596102,11027577102,False,0,0.00028514862060546875,0,True,6908.781869055859,0.041893959045410156,23125,-1,-1,100.0
500,very_wide,60,1835462250,10962868704,False,0,0.00039196014404296875,0,True,7266.496643360606,0.06190776824951172,33051,-1,-1,100.0
500,very_wide,61,1489359102,9999077133,False,0,0.0002651214599609375,0,True,2690.4380285619272,0.006328105926513672,3578,-1,-1,100.0
500,very_wide,62,2516767938,3487964537,False,0,0.00019788742065429688,0,True,1759.9550648068823,0.0016379356384277344,849,-1,-1,100.0
500,very_wide,63,3495873461,2169181533,False,0,0.0009746551513671875,0,True,9591.714548408707,0.09637093544006348,53091,-1,-1,100.0
500,very_wide,64,2521929457,7940914786,False,0,0.0003781318664550781,0,True,4504.1379791057025,0.021503925323486328,12111,-1,-1,100.0
500,very_wide,65,1835407695,3487210686,False,0,0.00027871131896972656,0,True,8121.952377266135,0.06509995460510254,32385,-1,-1,100.0
500,very_wide,66,3092593576,2039616841,False,0,0.0002930164337158203,0,True,3367.430281246503,0.013966083526611328,7487,-1,-1,100.0
500,very_wide,67,3544247345,3512649781,False,0,2.140299081802368,221,True,29210.483487971123,0.08413481712341309,47375,-1,-1,99.5335092348285
500,very_wide,68,11107126643,2093231601,False,0,0.00046372413635253906,0,True,5694.584439160986,0.040780067443847656,22647,-1,-1,100.0
500,very_wide,69,2085592141,2172903345,False,0,0.00032210350036621094,0,True,4695.6842103856825,0.04199719429016113,22675,-1,-1,100.0
500,very_wide,70,3567339063,6091848381,False,0,0.0005409717559814453,0,True,2789.331875342636,0.007809162139892578,3944,-1,-1,100.0
500,very_wide,71,3491211765,11939650698,False,0,0.0009279251098632812,0,True,25860.85071583444,0.12613511085510254,66608,-1,-1,100.0
500,very_wide,72,1124430100,2516891951,False,0,0.0005009174346923828,0,True,5544.630596600247,0.01948094367980957,10432,-1,-1,100.0
500,very_wide,73,2552348289,3504190682,False,0,0.000354766845703125,0,True,10178.563503392525,0.08416223526000977,40632,-1,-1,100.0
500,very_wide,74,3491211767,10749874175,False,0,0.0009799003601074219,0,True,21613.690385195045,0.11591720581054688,65787,-1,-1,100.0
500,very_wide,75,1880051628,2523861482,False,0,0.0002067089080810547,0,True,6714.570804972048,0.03236579895019531,17904,-1,-1,100.0
500,very_wide,76,4631691578,3500528663,False,0,0.00028896331787109375,0,True,4260.5725110028125,0.007850885391235352,4164,-1,-1,100.0
500,very_wide,77,1832593971,1400078353,False,0,0.0005159378051757812,0,True,5848.563285898472,0.03331398963928223,18297,-1,-1,100.0
500,very_wide,78,2516924629,1883487759,False,0,0.0005218982696533203,0,True,8487.288572024301,0.051325082778930664,28696,-1,-1,100.0
500,very_wide,79,3489882356,3491013122,False,0,0.0008449554443359375,0,True,14264.508003154036,0.03172898292541504,17999,-1,-1,100.0
500,very_wide,80,3505689863,2105153066,False,0,0.20000600814819336,21,True,18146.519985960334,0.11566901206970215,64662,-1,-1,99.96752342952584
500,very_wide,81,3490991238,10115884297,False,0,0.0013861656188964844,0,True,8058.700280693966,0.0146331787109375,8191,-1,-1,100.0
500,very_wide,82,1832594075,3489257082,False,0,0.0007011890411376953,0,True,8776.587617349729,0.06557011604309082,35451,-1,-1,100.0
500,very_wide,83,1480927624,2191994431,False,0,0.0011379718780517578,0,True,6775.2128029039795,0.04163694381713867,22801,-1,-1,100.0
500,very_wide,84,2355854521,1957364523,False,0,0.0012309551239013672,0,True,17343.716006890703,0.11233210563659668,61322,-1,-1,100.0
500,very_wide,85,1280126363,12065060516,False,0,0.0004749298095703125,0,True,5032.852216051462,0.03689980506896973,20996,-1,-1,100.0
500,very_wide,86,1275274775,2169447682,False,0,0.00024318695068359375,0,True,5160.743235545743,0.03633928298950195,14725,-1,-1,100.0
500,very_wide,87,1835495789,5450241679,False,0,0.0004718303680419922,0,True,6589.661233572702,0.05775284767150879,32150,-1,-1,100.0
500,very_wide,88,5042508097,3488665239,False,0,0.0005259513854980469,0,True,2350.477053614569,0.003834962844848633,2292,-1,-1,100.0
500,very_wide,89,3498388295,1124354329,False,0,0.0006229877471923828,0,True,5764.636858519826,0.02990412712097168,16791,-1,-1,100.0
500,very_wide,90,1979266939,11347926989,False,0,0.0013740062713623047,0,True,3986.371998713856,0.01800227165222168,10156,-1,-1,100.0
500,very_wide,91,1273478057,11052131865,False,0,0.00042700767517089844,0,True,5521.517183224158,0.05236101150512695,28855,-1,-1,100.0
500,very_wide,92,6098737553,3824958181,False,0,0.0006382465362548828,0,True,7842.25792345377,0.07011795043945312,38775,-1,-1,100.0
500,very_wide,93,12323021593,12854763032,False,0,0.0012669563293457031,0,True,9099.711875562929,0.07818198204040527,42088,-1,-1,100.0
500,very_wide,94,2115566297,1950493587,False,0,0.00048804283142089844,0,True,3939.679454469247,0.015249967575073242,8705,-1,-1,100.0
500,very_wide,95,3490877304,11850627647,False,0,0.00024890899658203125,0,True,7752.258075303861,0.025636911392211914,14261,-1,-1,100.0
500,very_wide,96,3318269307,3144158732,False,0,0.0011818408966064453,0,True,4104.534268239499,0.003874063491821289,2219,-1,-1,100.0
500,very_wide,97,1931372210,1832349710,False,0,0.00022912025451660156,0,True,6917.771336875828,0.046504974365234375,25413,-1,-1,100.0
500,very_wide,98,6290088001,6072430239,False,0,0.00043702125549316406,0,True,11162.64894542082,0.08579182624816895,45631,-1,-1,100.0
500,very_wide,99,2516868263,10636203372,False,0,0.00027179718017578125,0,True,3768.2669295074934,0.00848698616027832,4720,-1,-1,100.0
500,very_wide,100,2303826373,9469153932,False,0,0.0003750324249267578,0,True,4249.140824382803,0.027158021926879883,15193,-1,-1,100.0
